hhid,secteur_residence,taille_menage
10001,Urbain,6
10002,Urbain,5
10003,Urbain,6
10004,Urbain,4
10005,Urbain,6
10008,Urbain,7
10009,Rural,7
10010,Urbain,4
10031,Urbain,4
10032,Urbain,3
10033,Urbain,2
10034,Urbain,7
10035,Urbain,5
10036,Urbain,5
10037,Urbain,2
10038,Urbain,5
10040,Urbain,1
10051,Urbain,5
10053,Urbain,2
10054,Urbain,2
10055,Urbain,4
10056,Urbain,1
10057,Urbain,5
10058,Urbain,5
10059,Urbain,3
10060,Urbain,6
10061,Rural,8
10062,Rural,1
10063,Rural,5
10064,Rural,4
10065,Urbain,6
10066,Rural,1
10067,Rural,3
10068,Rural,6
10069,Rural,2
10070,Rural,4
10071,Rural,6
10072,Rural,8
10073,Rural,2
10074,Rural,5
10075,Rural,2
10076,Rural,2
10077,Rural,1
10078,Rural,1
10079,Rural,2
10080,Rural,6
10091,Rural,2
10092,Rural,2
10093,Rural,5
10094,Rural,7
10096,Rural,2
10097,Rural,5
10098,Rural,1
10099,Rural,1
10100,Rural,2
10102,Rural,1
10103,Rural,7
10104,Rural,2
10105,Rural,4
10106,Rural,6
10107,Rural,6
10108,Rural,3
10109,Rural,6
10110,Rural,4
19001,Urbain,3
19002,Urbain,4
19005,Urbain,5
19006,Urbain,4
19007,Urbain,1
19008,Urbain,2
19009,Urbain,4
19010,Urbain,3
19012,Urbain,3
19014,Urbain,2
19015,Urbain,6
19017,Urbain,7
19018,Urbain,5
19019,Urbain,2
19020,Urbain,5
19023,Urbain,6
19024,Urbain,7
19025,Urbain,6
19026,Urbain,6
19029,Urbain,2
19031,Urbain,5
19032,Urbain,6
19033,Urbain,4
19034,Urbain,5
19035,Urbain,4
19036,Urbain,4
19037,Rural,5
19038,Rural,1
19039,Rural,3
19040,Rural,1
19041,Rural,4
19043,Rural,1
19044,Rural,1
19045,Rural,4
19047,Rural,5
19048,Rural,2
19049,Rural,5
19050,Rural,5
19051,Rural,5
19052,Rural,6
19054,Rural,2
19055,Rural,4
19056,Rural,1
19058,Rural,5
19060,Rural,4
19061,Rural,1
19062,Rural,6
19063,Rural,2
19064,Rural,4
19066,Rural,6
19068,Rural,4
19069,Rural,3
19070,Rural,4
19071,Rural,5
19072,Rural,3
19073,Rural,5
19075,Rural,6
19076,Rural,6
19077,Rural,1
19079,Rural,1
19080,Rural,4
19081,Rural,4
19082,Rural,3
19084,Rural,9
19085,Rural,2
19087,Rural,5
19088,Rural,3
19089,Rural,2
19091,Rural,1
19092,Rural,5
19093,Rural,4
19094,Rural,5
19095,Rural,3
19096,Rural,1
19097,Rural,8
19098,Rural,1
19099,Rural,1
19100,Rural,7
19101,Rural,5
19103,Rural,3
19104,Rural,6
19105,Rural,7
19106,Rural,6
19107,Rural,6
19110,Rural,2
19111,Rural,1
19112,Rural,2
19113,Rural,1
19115,Rural,5
19116,Rural,3
19117,Rural,5
19118,Rural,2
19119,Rural,7
19120,Rural,2
19121,Rural,2
19122,Rural,5
19123,Rural,4
19124,Rural,3
19125,Rural,1
19126,Rural,1
19127,Rural,2
19129,Rural,2
19130,Rural,1
19131,Rural,5
19133,Rural,7
19135,Rural,4
19136,Rural,3
19137,Rural,4
19138,Rural,3
19139,Rural,3
19140,Rural,1
19141,Rural,4
19143,Rural,5
19144,Rural,2
19145,Rural,6
19146,Rural,4
19147,Rural,2
19148,Rural,2
19149,Rural,3
19150,Rural,4
19151,Rural,5
19152,Rural,1
19153,Rural,6
19158,Rural,6
19159,Rural,4
19160,Rural,6
19161,Rural,1
19163,Rural,6
19164,Rural,3
19165,Rural,1
19166,Rural,6
19167,Rural,6
19168,Rural,4
19169,Rural,6
19170,Rural,7
19173,Rural,5
19174,Rural,6
19175,Rural,2
19177,Rural,3
19178,Rural,4
19179,Rural,6
19180,Rural,2
19181,Rural,6
19182,Rural,6
19183,Rural,1
19184,Rural,2
19185,Rural,5
19186,Rural,7
19187,Rural,5
19188,Rural,7
19191,Rural,2
19192,Rural,3
19193,Rural,4
19194,Rural,7
19195,Rural,1
19196,Rural,3
19197,Rural,1
19198,Rural,1
19199,Rural,1
19201,Rural,1
19202,Rural,4
19204,Rural,5
19205,Urbain,6
19206,Urbain,5
19207,Urbain,2
19208,Urbain,6
19209,Urbain,5
19211,Urbain,6
19213,Urbain,4
19214,Urbain,4
19215,Urbain,5
19217,Urbain,3
19218,Urbain,6
19222,Urbain,6
19224,Urbain,5
19225,Urbain,4
19226,Urbain,5
19227,Urbain,4
19228,Urbain,3
19230,Rural,2
19231,Rural,4
19232,Rural,3
19234,Rural,1
19235,Rural,5
19236,Rural,5
19238,Rural,4
19239,Rural,1
19242,Urbain,5
19244,Urbain,4
19245,Urbain,5
19250,Rural,5
19254,Rural,5
19266,Rural,4
19269,Rural,5
19277,Urbain,3
19278,Urbain,2
19279,Rural,2
19280,Rural,4
19284,Urbain,3
20001,Rural,5
20002,Rural,7
20003,Rural,4
20005,Rural,5
20006,Rural,10
20007,Rural,9
20008,Rural,5
20009,Rural,6
20010,Rural,5
20041,Rural,1
20042,Rural,8
20043,Rural,7
20044,Rural,5
20045,Rural,4
20046,Rural,4
20047,Rural,11
20048,Rural,11
20049,Rural,7
20050,Rural,3
20061,Rural,6
20062,Rural,4
20063,Rural,9
20064,Rural,6
20065,Rural,9
20066,Rural,8
20068,Rural,5
20069,Rural,8
20070,Rural,4
20091,Rural,6
20092,Rural,8
20093,Rural,4
20094,Rural,2
20095,Rural,10
20096,Rural,7
20097,Rural,9
20098,Rural,7
20099,Rural,3
20100,Rural,9
20101,Rural,3
20102,Rural,10
20103,Rural,6
20104,Rural,9
20105,Rural,1
20106,Rural,8
20107,Rural,6
20108,Rural,3
20110,Rural,8
29001,Rural,4
29002,Rural,21
29003,Rural,9
29004,Rural,9
29005,Rural,3
29006,Rural,8
29007,Rural,8
29008,Rural,5
29009,Rural,8
29010,Rural,5
29013,Rural,2
29014,Rural,3
29017,Rural,2
29018,Rural,3
29019,Rural,6
29020,Rural,4
29021,Rural,4
29022,Rural,5
29023,Rural,4
29024,Rural,3
29025,Rural,8
29026,Rural,7
29028,Rural,3
29029,Rural,1
29031,Rural,3
29032,Rural,7
29033,Rural,3
29034,Rural,14
29035,Rural,13
29036,Rural,2
29037,Rural,9
29038,Rural,8
29039,Rural,12
29041,Rural,5
29042,Rural,2
29044,Rural,7
29045,Rural,12
29046,Rural,6
29047,Rural,15
29048,Rural,10
29050,Rural,6
29051,Rural,4
29052,Rural,7
29053,Rural,9
29054,Rural,4
29055,Rural,4
29056,Rural,6
29057,Rural,8
29058,Rural,8
29060,Rural,4
29061,Rural,3
29062,Rural,5
29063,Rural,6
29064,Rural,6
29065,Rural,4
29066,Rural,5
29068,Rural,6
29070,Rural,6
29071,Rural,8
29072,Rural,4
29073,Rural,12
29074,Rural,9
29076,Rural,4
29077,Rural,3
29078,Rural,5
29079,Rural,2
29080,Rural,14
29082,Rural,12
29083,Rural,8
29084,Rural,1
29085,Rural,4
29086,Rural,13
29087,Rural,18
29089,Rural,14
29090,Rural,4
29091,Rural,16
29092,Rural,10
29094,Rural,11
29095,Rural,2
29096,Rural,9
29097,Rural,2
29099,Rural,6
29100,Rural,1
29101,Rural,7
29102,Rural,6
29103,Rural,6
29104,Rural,13
29105,Rural,5
29107,Rural,1
29108,Rural,13
29109,Rural,7
29110,Rural,1
29111,Rural,4
29112,Rural,9
29113,Rural,3
29115,Rural,5
29116,Rural,7
29118,Rural,4
29119,Rural,6
29120,Rural,5
29121,Rural,5
29122,Rural,5
29123,Rural,4
29124,Rural,11
29126,Rural,4
29127,Rural,5
29128,Rural,5
29130,Rural,5
29131,Rural,6
29132,Rural,10
29133,Urbain,5
29134,Urbain,1
29135,Urbain,6
29136,Urbain,2
29138,Urbain,11
29139,Urbain,6
29140,Urbain,11
29142,Urbain,12
29143,Urbain,9
29144,Urbain,2
29147,Rural,5
29148,Rural,5
29149,Rural,6
29150,Rural,9
29151,Rural,7
29152,Rural,7
29153,Rural,5
29154,Rural,7
29155,Rural,3
29156,Rural,9
29158,Rural,1
29160,Rural,7
29161,Rural,1
29162,Rural,6
29163,Rural,2
29164,Rural,3
29165,Rural,5
29166,Rural,5
29167,Rural,7
29168,Rural,6
29169,Rural,9
29170,Rural,6
29171,Rural,5
29172,Rural,6
29173,Rural,5
29174,Rural,13
29175,Rural,3
29176,Rural,7
29178,Rural,6
29179,Rural,15
29181,Rural,4
29182,Rural,5
29183,Rural,5
29185,Rural,4
29186,Rural,14
29187,Rural,7
29188,Rural,9
29189,Rural,1
29191,Rural,8
29192,Rural,1
29193,Rural,10
29194,Rural,11
29195,Rural,5
29196,Rural,8
29198,Rural,6
29199,Rural,5
29200,Rural,6
29202,Rural,4
29203,Rural,7
29204,Rural,8
29206,Rural,8
29208,Rural,8
29209,Rural,8
29210,Rural,2
29211,Rural,17
29212,Rural,8
29213,Rural,5
29214,Rural,11
29215,Rural,3
29216,Rural,6
29217,Urbain,7
29218,Urbain,11
29219,Urbain,5
29220,Urbain,7
29221,Urbain,10
29223,Urbain,7
29224,Urbain,10
29226,Urbain,3
29227,Urbain,6
29228,Urbain,12
30021,Rural,8
30022,Rural,3
30023,Rural,8
30024,Rural,7
30025,Rural,4
30026,Rural,5
30027,Rural,10
30028,Rural,4
30029,Rural,5
30030,Rural,7
30041,Urbain,1
30042,Urbain,6
30043,Urbain,4
30044,Urbain,5
30045,Urbain,5
30046,Urbain,3
30047,Urbain,3
30048,Urbain,4
30049,Urbain,11
30050,Urbain,2
30081,Rural,7
30084,Rural,5
30085,Rural,5
30086,Rural,6
30087,Rural,2
30088,Rural,8
30089,Rural,7
30090,Rural,2
30091,Rural,8
30092,Urbain,5
30093,Rural,7
30094,Rural,3
30097,Rural,4
30098,Rural,3
30099,Rural,6
30100,Rural,7
30101,Urbain,3
30102,Urbain,2
30103,Urbain,6
30104,Urbain,8
30105,Urbain,7
30106,Urbain,6
30107,Urbain,18
30108,Urbain,5
30109,Urbain,4
30110,Urbain,5
30121,Rural,7
30122,Rural,9
30123,Rural,6
30124,Rural,6
30125,Rural,9
30126,Rural,5
30127,Rural,5
30128,Rural,8
30129,Rural,1
30130,Rural,3
30131,Rural,5
30132,Rural,1
30133,Rural,9
30134,Rural,5
30135,Rural,7
30137,Rural,7
30138,Rural,5
30139,Rural,3
30140,Rural,5
39001,Rural,1
39002,Rural,6
39003,Rural,5
39004,Rural,4
39005,Rural,2
39006,Rural,1
39007,Rural,6
39008,Rural,1
39009,Rural,6
39010,Rural,6
39012,Rural,4
39013,Rural,4
39014,Rural,2
39015,Rural,1
39016,Rural,2
39017,Rural,6
39018,Rural,9
39020,Rural,4
39021,Rural,5
39022,Rural,9
39023,Rural,8
39024,Rural,1
39025,Rural,2
39026,Rural,5
39028,Rural,1
39029,Rural,1
39030,Rural,6
39031,Rural,6
39032,Rural,3
39033,Rural,6
39036,Rural,2
39037,Rural,5
39039,Rural,4
39040,Rural,6
39041,Rural,2
39042,Rural,7
39043,Rural,4
39044,Rural,5
39045,Rural,7
39048,Rural,4
39051,Rural,2
39052,Rural,3
39053,Rural,3
39054,Rural,2
39056,Rural,1
39057,Rural,5
39058,Rural,6
39059,Rural,5
39061,Rural,9
39062,Rural,5
39064,Rural,7
39066,Rural,8
39068,Urbain,6
39069,Rural,1
39070,Rural,6
39071,Rural,4
39072,Rural,6
39074,Rural,2
39077,Rural,2
39078,Rural,2
39079,Rural,6
39080,Rural,3
39081,Rural,2
39082,Rural,4
39083,Rural,2
39084,Rural,6
39087,Rural,5
39088,Rural,4
39089,Rural,4
39090,Rural,4
39091,Rural,5
39092,Rural,2
39093,Rural,8
39094,Rural,2
39096,Rural,8
39098,Rural,1
39100,Rural,2
39101,Rural,7
39102,Rural,6
39103,Rural,7
39104,Rural,1
39105,Rural,4
39106,Rural,8
39107,Rural,9
39108,Rural,4
39110,Rural,1
39111,Rural,3
39112,Rural,6
39114,Rural,3
39115,Rural,2
39116,Rural,6
39117,Rural,4
39118,Rural,3
39119,Rural,4
39120,Rural,3
39121,Rural,11
39123,Rural,1
39125,Rural,8
39126,Rural,3
39127,Rural,7
39128,Rural,2
39130,Rural,6
39132,Rural,9
39133,Rural,8
39135,Rural,8
39136,Rural,3
39137,Rural,5
39138,Rural,4
39139,Rural,7
39140,Rural,9
39141,Rural,1
39142,Rural,7
39143,Rural,5
39144,Rural,10
39146,Rural,3
39147,Rural,1
39149,Rural,3
39150,Rural,9
39151,Rural,6
39152,Rural,9
39153,Rural,3
39154,Rural,7
39155,Rural,6
39156,Rural,8
39157,Rural,5
39158,Rural,10
39159,Rural,6
39160,Rural,9
39161,Rural,4
39162,Rural,7
39165,Rural,3
39166,Rural,8
39167,Rural,5
39168,Rural,2
39169,Rural,1
39170,Rural,5
39171,Rural,8
39174,Rural,8
39175,Rural,3
39176,Rural,5
39177,Rural,7
39178,Rural,4
39185,Rural,1
39186,Rural,7
39187,Rural,4
39188,Rural,1
39190,Rural,3
39193,Rural,2
39198,Rural,4
40011,Urbain,8
40012,Urbain,4
40013,Rural,2
40015,Urbain,4
40017,Urbain,3
40018,Urbain,7
40019,Urbain,3
40020,Urbain,5
40171,Urbain,7
40172,Urbain,11
40173,Urbain,8
40174,Urbain,6
40176,Urbain,5
40177,Urbain,2
40178,Urbain,6
40180,Urbain,1
40202,Rural,3
40203,Rural,2
40204,Rural,1
40206,Rural,4
40207,Rural,6
40208,Rural,5
40209,Rural,1
40210,Urbain,1
49001,Rural,2
49003,Rural,1
49004,Rural,4
49005,Rural,12
49006,Rural,3
49007,Rural,2
49008,Rural,3
49009,Rural,1
49010,Rural,2
49011,Rural,1
49013,Rural,2
49015,Urbain,1
49017,Rural,4
49018,Rural,6
49019,Rural,6
49020,Rural,2
49023,Rural,5
49024,Rural,5
49025,Rural,2
49026,Rural,1
49027,Rural,4
49034,Rural,3
49035,Rural,7
49036,Rural,1
49037,Urbain,7
49038,Urbain,5
49039,Urbain,4
49040,Urbain,5
49041,Urbain,2
49042,Urbain,6
49043,Urbain,9
49044,Urbain,2
49045,Urbain,4
49046,Urbain,2
49049,Urbain,5
49051,Urbain,1
49052,Urbain,5
49054,Urbain,1
49055,Urbain,3
49057,Urbain,3
49058,Urbain,3
49060,Urbain,7
49063,Urbain,8
49064,Urbain,5
49065,Urbain,5
49066,Urbain,5
49067,Urbain,2
49068,Urbain,4
49069,Urbain,2
49070,Urbain,4
49071,Urbain,7
49073,Urbain,2
49075,Urbain,1
49076,Urbain,4
49077,Urbain,2
49079,Urbain,4
49080,Urbain,6
49081,Urbain,6
49082,Urbain,5
49083,Urbain,4
49085,Urbain,4
49086,Urbain,4
49088,Urbain,3
49089,Urbain,4
49090,Urbain,6
49091,Urbain,6
49093,Urbain,4
49094,Urbain,5
49095,Urbain,2
49097,Urbain,2
49098,Urbain,1
49100,Urbain,7
49101,Urbain,4
49102,Urbain,2
49103,Urbain,6
49104,Urbain,5
49105,Urbain,8
49106,Urbain,2
49108,Urbain,7
49111,Rural,4
49112,Rural,6
49113,Rural,8
49114,Rural,6
49117,Urbain,2
49118,Urbain,1
49122,Urbain,8
49124,Urbain,4
49126,Urbain,5
49129,Urbain,5
49130,Urbain,11
49131,Urbain,5
49132,Urbain,7
49133,Urbain,7
49134,Urbain,2
49135,Urbain,4
49136,Urbain,6
49137,Urbain,6
50001,Rural,6
50002,Rural,8
50003,Rural,8
50004,Rural,8
50005,Rural,8
50006,Rural,7
50007,Rural,9
50008,Rural,4
50009,Rural,16
50031,Rural,7
50032,Rural,3
50033,Rural,4
50034,Rural,13
50035,Rural,9
50036,Rural,4
50037,Rural,8
50038,Rural,6
50039,Rural,9
50040,Rural,13
50051,Rural,8
50052,Rural,5
50053,Rural,7
50054,Rural,7
50055,Rural,7
50056,Rural,6
50057,Rural,7
50058,Rural,6
50059,Rural,17
50060,Rural,3
50091,Rural,13
50092,Rural,11
50093,Rural,6
50094,Rural,5
50095,Rural,6
50096,Rural,3
50097,Rural,6
50098,Rural,5
50099,Rural,7
50100,Rural,13
50131,Rural,11
50132,Rural,4
50133,Rural,7
50134,Rural,3
50135,Rural,7
50136,Rural,16
50137,Rural,10
50138,Rural,8
50139,Rural,6
50140,Urbain,4
50151,Rural,4
50152,Rural,11
50153,Rural,3
50154,Rural,9
50155,Rural,15
50156,Rural,7
50157,Rural,13
50158,Rural,5
50159,Rural,18
50160,Rural,3
50161,Rural,13
50162,Rural,13
50163,Rural,2
50164,Rural,8
50165,Rural,3
50166,Rural,12
50167,Rural,9
50168,Rural,7
50169,Rural,9
50170,Rural,4
59003,Urbain,1
59004,Urbain,4
59005,Urbain,11
59006,Urbain,7
59007,Urbain,6
59009,Urbain,6
59010,Urbain,3
59011,Urbain,1
59012,Urbain,5
59013,Rural,3
59014,Rural,3
59015,Rural,3
59016,Rural,6
59017,Rural,3
59018,Rural,6
59021,Rural,4
59022,Rural,9
59023,Rural,7
59024,Rural,5
59025,Rural,13
59026,Rural,8
59027,Rural,6
59028,Rural,8
59030,Rural,10
59031,Rural,8
59032,Rural,18
59034,Rural,11
59035,Rural,9
59036,Rural,8
59037,Rural,9
59039,Rural,4
59040,Rural,2
59041,Rural,11
59042,Rural,9
59043,Rural,3
59044,Rural,5
59046,Rural,4
59047,Rural,7
59048,Rural,7
59049,Rural,9
59050,Rural,9
59052,Rural,7
59053,Rural,2
59054,Rural,6
59056,Rural,6
59057,Rural,3
59058,Rural,11
59059,Rural,10
59060,Rural,5
59062,Rural,4
59063,Rural,12
59064,Rural,7
59066,Rural,8
59067,Rural,5
59068,Rural,14
59069,Rural,9
59070,Rural,6
59071,Rural,4
59072,Rural,13
59073,Rural,7
59075,Rural,13
59076,Rural,9
59077,Rural,9
59078,Rural,7
59079,Rural,5
59080,Rural,5
59081,Rural,6
59083,Rural,4
59084,Rural,3
59085,Rural,4
59086,Rural,11
59087,Rural,7
59088,Rural,9
59089,Rural,4
59090,Rural,7
59092,Rural,4
59093,Rural,8
59094,Rural,3
59095,Rural,8
59097,Rural,3
59098,Rural,4
59099,Rural,12
59101,Rural,2
59102,Rural,2
59103,Rural,9
59104,Rural,3
59105,Rural,4
59106,Rural,7
59108,Rural,3
59110,Rural,5
59111,Rural,5
59112,Rural,9
59113,Rural,5
59115,Rural,13
59116,Rural,6
59117,Rural,6
59118,Rural,9
59119,Rural,4
59120,Rural,5
59121,Rural,13
59122,Rural,8
59124,Rural,11
59125,Rural,13
59127,Rural,9
59128,Rural,10
59129,Rural,7
59130,Rural,4
59132,Rural,12
59133,Rural,8
59135,Rural,7
59136,Rural,7
59137,Rural,7
59138,Rural,6
59140,Rural,6
59142,Rural,10
59143,Rural,10
59144,Rural,5
59145,Rural,10
59147,Rural,4
59148,Rural,1
59149,Rural,5
59150,Rural,5
59151,Rural,9
59153,Rural,13
59154,Rural,4
59155,Rural,5
59156,Rural,4
59157,Rural,4
59158,Rural,5
59159,Rural,5
59160,Rural,22
59161,Rural,10
59162,Rural,7
59163,Rural,16
59164,Rural,17
59165,Rural,10
59168,Rural,9
59169,Rural,1
59170,Rural,6
59171,Rural,5
59172,Rural,2
59173,Rural,5
59174,Rural,12
59175,Rural,10
59176,Rural,7
59179,Rural,9
59180,Rural,5
59182,Rural,3
59184,Rural,9
59185,Rural,6
59186,Rural,5
59187,Rural,4
59188,Rural,4
59189,Rural,7
59190,Rural,5
59191,Rural,10
59192,Rural,7
59212,Rural,4
59214,Rural,7
60001,Rural,1
60002,Rural,5
60004,Rural,1
60005,Rural,3
60006,Rural,4
60008,Rural,1
60009,Rural,3
60010,Rural,9
60031,Rural,5
60032,Urbain,2
60033,Urbain,8
60034,Rural,10
60035,Rural,8
60037,Rural,2
60038,Rural,6
60039,Rural,4
60040,Rural,5
60041,Rural,6
60042,Rural,1
60043,Rural,5
60044,Rural,6
60045,Rural,4
60047,Rural,2
60048,Rural,2
60049,Rural,6
60050,Rural,7
60051,Rural,6
60052,Rural,5
60053,Rural,4
60054,Rural,3
60055,Rural,3
60056,Rural,1
60057,Rural,8
60058,Rural,5
60059,Rural,2
60060,Urbain,5
69001,Rural,3
69004,Rural,5
69005,Rural,6
69006,Rural,7
69007,Rural,4
69009,Rural,1
69010,Rural,1
69012,Rural,1
69013,Urbain,3
69014,Urbain,9
69016,Urbain,3
69017,Urbain,5
69020,Urbain,4
69021,Urbain,7
69022,Urbain,2
69023,Urbain,3
69025,Rural,4
69026,Rural,9
69027,Rural,7
69028,Rural,5
69029,Rural,5
69030,Rural,10
69031,Rural,8
69033,Rural,6
69034,Rural,9
69036,Rural,8
69037,Rural,11
69038,Rural,10
69040,Rural,5
69041,Rural,1
69042,Rural,6
69043,Rural,2
69045,Rural,6
69046,Rural,3
69047,Rural,4
69048,Rural,6
69049,Rural,1
69050,Rural,5
69051,Urbain,6
69052,Urbain,5
70011,Rural,3
70012,Rural,7
70013,Rural,5
70015,Rural,8
70016,Rural,4
70017,Rural,1
70018,Rural,9
70019,Rural,5
70020,Rural,11
70062,Rural,11
70063,Rural,6
70064,Rural,4
70066,Rural,4
70067,Rural,6
70068,Rural,6
70069,Rural,5
70070,Rural,7
70071,Rural,7
70072,Rural,3
70073,Rural,6
70074,Rural,3
70075,Rural,2
70076,Rural,8
70077,Rural,7
70078,Rural,9
70079,Rural,3
70080,Rural,5
70121,Rural,8
70122,Rural,3
70123,Rural,2
70124,Rural,8
70125,Rural,8
70126,Rural,7
70127,Rural,13
70128,Rural,4
70129,Rural,3
70130,Rural,3
70131,Rural,4
70132,Rural,8
70133,Rural,2
70134,Rural,4
70135,Rural,2
70136,Rural,2
70137,Rural,4
70139,Rural,6
70140,Rural,1
70151,Rural,7
70152,Rural,3
70153,Rural,8
70154,Rural,3
70155,Rural,8
70156,Rural,4
70157,Rural,6
70158,Rural,3
70159,Rural,2
70160,Rural,10
79002,Rural,5
79004,Rural,3
79005,Rural,5
79006,Rural,7
79007,Rural,5
79008,Rural,4
79009,Rural,1
79010,Rural,12
79011,Rural,12
79012,Rural,5
79014,Rural,8
79015,Rural,3
79016,Rural,4
79017,Rural,7
79018,Rural,6
79019,Rural,5
79020,Rural,3
79021,Rural,11
79023,Rural,9
79024,Rural,7
79025,Rural,8
79026,Rural,2
79028,Rural,7
79029,Rural,5
79030,Rural,7
79032,Rural,6
79033,Rural,3
79034,Rural,2
79035,Rural,5
79036,Rural,4
79038,Urbain,2
79039,Urbain,6
79040,Urbain,5
79041,Urbain,1
79042,Urbain,6
79043,Urbain,3
79045,Rural,3
79046,Urbain,1
79047,Urbain,10
79051,Urbain,6
79052,Urbain,4
79053,Urbain,4
79054,Urbain,5
79055,Urbain,5
79056,Urbain,5
79057,Urbain,4
79058,Urbain,3
79059,Urbain,7
79061,Rural,6
79062,Rural,5
79064,Rural,8
79065,Rural,5
79066,Rural,2
79067,Rural,5
79068,Rural,3
79069,Rural,6
79070,Rural,7
79072,Rural,3
79073,Rural,7
79074,Rural,9
79075,Rural,6
79077,Rural,4
79078,Rural,3
79080,Rural,9
79081,Rural,5
79082,Rural,6
79083,Rural,5
79084,Rural,2
79085,Rural,6
79087,Rural,3
79088,Rural,1
79090,Rural,3
79091,Rural,8
79092,Rural,7
79093,Rural,5
79094,Rural,11
79095,Rural,10
79096,Rural,18
79097,Rural,6
79098,Rural,1
79099,Rural,8
79101,Rural,2
79102,Rural,1
79104,Rural,3
79105,Rural,3
79106,Rural,2
79107,Rural,1
79108,Rural,6
79109,Rural,13
79110,Rural,10
79111,Rural,10
79112,Rural,13
79113,Rural,11
79114,Rural,1
79116,Rural,7
79117,Rural,9
79119,Rural,12
79120,Rural,7
79121,Rural,7
79122,Rural,9
79123,Rural,6
79124,Rural,8
79125,Rural,3
79127,Rural,7
79128,Rural,4
79129,Rural,3
79131,Rural,1
79132,Rural,6
79133,Rural,8
79134,Rural,7
79136,Rural,4
79137,Rural,4
79138,Rural,4
79139,Rural,3
79140,Rural,1
79141,Rural,4
79142,Rural,2
79143,Rural,4
80011,Urbain,4
80012,Urbain,4
80013,Urbain,6
80014,Urbain,4
80015,Urbain,6
80016,Urbain,13
80017,Urbain,5
80018,Urbain,9
80019,Urbain,6
80020,Urbain,12
80091,Rural,14
80092,Rural,7
80095,Rural,12
80097,Rural,5
80098,Rural,13
80099,Rural,9
80100,Rural,8
80101,Rural,3
80102,Rural,12
80103,Rural,9
80104,Rural,12
80105,Rural,7
80106,Rural,2
80107,Rural,9
80108,Rural,7
80109,Rural,6
80110,Rural,3
89001,Urbain,2
89002,Urbain,7
89003,Urbain,8
89004,Urbain,9
89005,Urbain,9
89006,Urbain,9
89007,Urbain,7
89009,Urbain,3
89010,Urbain,12
89011,Urbain,3
89015,Urbain,7
89016,Urbain,14
89017,Urbain,6
89019,Urbain,10
89020,Urbain,10
89021,Urbain,6
89022,Urbain,6
89023,Urbain,8
89024,Urbain,9
89028,Urbain,8
90001,Urbain,4
90002,Urbain,2
90003,Urbain,3
90004,Urbain,9
90005,Urbain,4
90007,Rural,8
90009,Urbain,3
90010,Urbain,6
90021,Urbain,7
90022,Urbain,3
90025,Urbain,3
90026,Urbain,3
90027,Urbain,4
90028,Urbain,3
90029,Urbain,6
90030,Urbain,1
90041,Rural,5
90042,Rural,1
90043,Rural,6
90044,Rural,4
90046,Rural,2
90047,Rural,5
90048,Rural,4
90091,Rural,3
90092,Rural,8
90093,Rural,3
90094,Rural,4
90095,Rural,5
90096,Rural,6
90097,Rural,8
90098,Rural,1
90099,Rural,1
90100,Rural,8
99001,Rural,5
99002,Rural,1
99003,Rural,1
99004,Rural,5
99005,Rural,4
99006,Rural,4
99008,Rural,4
99009,Rural,2
99010,Rural,1
99011,Rural,2
99013,Urbain,2
99014,Urbain,2
99015,Urbain,1
99016,Urbain,4
99017,Urbain,4
99019,Urbain,6
99020,Urbain,1
99021,Urbain,2
99023,Urbain,4
99026,Urbain,1
99027,Urbain,7
99029,Urbain,1
99030,Urbain,2
99031,Urbain,1
99032,Urbain,3
99033,Urbain,2
99034,Urbain,6
99035,Urbain,4
99036,Urbain,5
99037,Rural,3
99038,Rural,2
99040,Rural,8
99041,Rural,5
99043,Rural,11
99044,Rural,4
99045,Rural,7
99046,Rural,3
99048,Rural,4
99051,Rural,2
99052,Rural,4
99053,Rural,6
99054,Rural,5
99055,Rural,4
99056,Rural,4
99057,Rural,5
99058,Rural,3
99059,Rural,1
99061,Rural,3
99062,Rural,5
99064,Rural,1
99065,Rural,1
99066,Rural,2
99068,Rural,4
99070,Rural,6
99071,Rural,4
99072,Rural,2
99074,Rural,5
99075,Rural,8
99076,Rural,6
99077,Rural,5
99079,Rural,4
99080,Rural,2
99081,Rural,5
99082,Rural,5
99083,Rural,5
99088,Urbain,3
99094,Rural,10
99096,Rural,4
99098,Rural,2
100031,Rural,7
100032,Rural,7
100033,Rural,3
100034,Rural,4
100035,Rural,7
100036,Rural,4
100037,Rural,3
100038,Rural,4
100039,Rural,1
100040,Rural,6
100111,Urbain,5
100113,Urbain,3
100115,Urbain,2
100117,Urbain,6
100118,Urbain,6
100119,Urbain,5
100120,Urbain,6
100131,Rural,7
100132,Rural,3
100133,Rural,3
100134,Rural,6
100135,Rural,3
100136,Rural,4
100138,Rural,6
109002,Urbain,1
109005,Urbain,5
109006,Urbain,3
109007,Urbain,4
109008,Urbain,3
109009,Urbain,10
109011,Urbain,4
109012,Urbain,7
109013,Rural,7
109014,Rural,6
109016,Rural,4
109017,Rural,2
109018,Rural,6
109019,Rural,5
109020,Rural,3
109021,Rural,9
109022,Rural,2
109023,Rural,3
109025,Rural,3
109026,Rural,1
109028,Rural,5
109029,Rural,4
109030,Rural,5
109031,Rural,1
109032,Rural,8
109033,Rural,6
109034,Rural,1
109035,Rural,4
109037,Urbain,1
109038,Urbain,6
109040,Urbain,2
109041,Urbain,7
109042,Urbain,1
109043,Urbain,1
109046,Urbain,5
109047,Urbain,5
109048,Rural,3
109049,Rural,4
109052,Rural,9
109053,Rural,6
109054,Urbain,1
109055,Rural,6
109056,Rural,4
109057,Rural,8
109058,Rural,4
109059,Rural,4
109060,Rural,4
109061,Rural,6
109062,Rural,9
109064,Rural,9
109065,Rural,1
109066,Rural,6
109067,Rural,4
109068,Rural,7
109069,Rural,4
109071,Rural,6
109073,Rural,2
109074,Rural,1
109076,Rural,3
109077,Rural,1
109078,Rural,2
109080,Rural,7
109081,Rural,7
109082,Rural,6
109083,Rural,6
109085,Rural,5
109086,Rural,2
109087,Rural,3
109088,Rural,5
109089,Rural,2
109091,Rural,4
109092,Rural,2
109093,Rural,6
109095,Rural,6
109096,Rural,1
109099,Rural,3
109100,Rural,5
109101,Rural,4
109103,Rural,2
109104,Rural,4
109106,Rural,3
109107,Rural,3
109108,Rural,8
109110,Rural,4
109111,Rural,1
109112,Rural,4
109114,Rural,6
109115,Rural,6
109117,Rural,7
109118,Rural,5
109119,Rural,9
109121,Urbain,7
109122,Urbain,6
109123,Urbain,8
109124,Urbain,4
109126,Urbain,4
109127,Urbain,6
109128,Urbain,3
109129,Urbain,6
109130,Urbain,2
109131,Urbain,1
109132,Urbain,3
109133,Urbain,6
109134,Urbain,6
109135,Urbain,3
109136,Urbain,5
109137,Urbain,4
109139,Urbain,5
109141,Urbain,3
109142,Urbain,5
109145,Rural,2
109147,Rural,3
109148,Rural,3
109149,Rural,1
109150,Rural,5
109151,Rural,9
109152,Rural,1
109153,Rural,3
109154,Rural,5
109155,Rural,1
109156,Urbain,8
109157,Urbain,1
109166,Rural,1
109169,Rural,10
109170,Rural,5
109171,Rural,2
109173,Rural,5
109176,Urbain,4
110001,Urbain,1
110002,Urbain,7
110003,Urbain,2
110004,Urbain,1
110005,Urbain,4
110006,Urbain,3
110007,Urbain,7
110008,Urbain,1
110009,Urbain,10
110010,Urbain,6
110021,Rural,7
110022,Rural,9
110023,Rural,2
110024,Rural,6
110025,Rural,6
110026,Rural,2
110027,Rural,7
110028,Rural,7
110029,Rural,5
110030,Rural,8
110081,Rural,7
110082,Rural,9
110083,Rural,17
110084,Rural,4
110085,Rural,29
110086,Rural,14
110087,Rural,9
110088,Rural,4
110089,Rural,10
110090,Rural,10
110111,Rural,5
110112,Rural,4
110113,Rural,1
110114,Rural,2
110115,Rural,3
110116,Rural,2
110117,Rural,11
110118,Rural,4
110119,Rural,5
110120,Rural,7
110121,Rural,2
110122,Rural,6
110123,Rural,10
110124,Rural,7
110125,Rural,1
110126,Rural,10
110127,Rural,3
110128,Rural,7
110129,Rural,12
110130,Rural,8
110131,Rural,3
110132,Rural,2
110133,Rural,2
110134,Rural,9
110135,Rural,2
110136,Rural,2
110137,Rural,5
110138,Rural,12
110139,Rural,5
110140,Rural,6
119001,Rural,6
119002,Rural,5
119003,Rural,5
119005,Rural,7
119006,Rural,4
119008,Rural,2
119009,Rural,2
119010,Rural,5
119011,Rural,7
119012,Rural,4
119013,Rural,9
119014,Rural,7
119015,Rural,9
119016,Rural,2
119017,Rural,5
119019,Rural,6
119020,Rural,1
119021,Rural,4
119022,Rural,5
119023,Rural,2
119025,Rural,6
119026,Rural,5
119027,Rural,4
119028,Rural,6
119029,Rural,5
119030,Rural,12
119031,Rural,6
119032,Rural,6
119033,Rural,2
119034,Rural,7
119035,Rural,2
119036,Rural,1
119037,Rural,2
119038,Rural,4
119040,Rural,2
119041,Rural,4
119043,Rural,1
119044,Rural,2
119045,Rural,8
119046,Rural,2
119047,Rural,10
119048,Rural,1
119049,Rural,8
119050,Rural,3
119052,Rural,5
119053,Rural,5
119054,Rural,6
119055,Rural,2
119057,Rural,4
119058,Rural,4
120001,Urbain,6
120002,Urbain,8
120003,Urbain,6
120004,Urbain,7
120005,Urbain,6
120006,Urbain,6
120007,Urbain,5
120008,Urbain,9
120010,Urbain,15
120041,Rural,9
120042,Rural,9
120043,Rural,6
120044,Rural,5
120045,Rural,7
120046,Rural,9
120047,Rural,3
120048,Rural,2
120049,Rural,4
120050,Rural,5
120051,Rural,11
120052,Rural,4
120053,Rural,5
120054,Rural,20
120055,Rural,6
120056,Rural,16
120057,Rural,4
120058,Rural,14
120059,Rural,9
120060,Rural,8
120091,Rural,3
120092,Urbain,1
120093,Rural,4
120094,Rural,4
120099,Rural,3
120100,Rural,7
129001,Rural,10
129002,Rural,2
129003,Rural,3
129005,Rural,1
129006,Rural,5
129007,Rural,5
129009,Rural,2
129010,Rural,8
129011,Rural,2
129012,Rural,3
129013,Urbain,3
129014,Urbain,3
129015,Urbain,2
129016,Urbain,5
129017,Urbain,6
129020,Urbain,6
129021,Urbain,3
129022,Urbain,3
129023,Urbain,4
129024,Urbain,1
129025,Urbain,8
129026,Urbain,2
129027,Urbain,5
129028,Urbain,9
129029,Urbain,6
129030,Urbain,8
129031,Urbain,12
129032,Urbain,7
129033,Urbain,6
129034,Urbain,3
129038,Rural,9
129039,Rural,4
129040,Rural,10
129041,Rural,7
129042,Rural,3
129043,Rural,1
129044,Rural,7
129046,Rural,8
129047,Rural,4
129048,Rural,8
129050,Rural,5
129051,Rural,11
129052,Rural,3
129053,Rural,3
129054,Rural,17
129055,Rural,6
129056,Rural,1
129057,Rural,2
129059,Rural,1
129060,Rural,10
129061,Urbain,5
129062,Urbain,4
129063,Urbain,1
129064,Urbain,6
129067,Urbain,4
129068,Urbain,6
129069,Urbain,1
129070,Urbain,4
129072,Urbain,4
129073,Urbain,6
129074,Urbain,1
129076,Urbain,4
129077,Urbain,4
129079,Urbain,3
129080,Urbain,7
129081,Urbain,2
129083,Urbain,5
129084,Urbain,10
129086,Urbain,4
129087,Urbain,4
129088,Urbain,3
129089,Urbain,5
129090,Urbain,4
129091,Urbain,2
129092,Urbain,5
129094,Urbain,4
129095,Urbain,2
129096,Urbain,3
129098,Urbain,5
129099,Urbain,4
129101,Urbain,7
129104,Urbain,11
129105,Urbain,7
129106,Urbain,4
129108,Urbain,3
129109,Urbain,1
129110,Urbain,2
129111,Urbain,4
129112,Urbain,5
129113,Urbain,2
129114,Urbain,5
129116,Urbain,3
129117,Urbain,5
129120,Urbain,4
129122,Rural,5
129123,Rural,4
129124,Rural,4
129125,Rural,2
129127,Rural,4
129128,Rural,5
129129,Rural,7
129130,Rural,5
129131,Rural,2
129132,Rural,1
129134,Urbain,4
129135,Urbain,1
129136,Urbain,3
129137,Urbain,3
129139,Urbain,3
129140,Urbain,5
129141,Urbain,3
129142,Urbain,3
129143,Urbain,8
129145,Urbain,6
129146,Urbain,1
129147,Urbain,7
129148,Urbain,2
129152,Urbain,5
129153,Urbain,4
129154,Urbain,5
129155,Urbain,2
129156,Urbain,4
129168,Urbain,6
129170,Urbain,9
129173,Urbain,4
129174,Urbain,5
129176,Urbain,3
129180,Urbain,4
129182,Urbain,5
130021,Urbain,6
130023,Rural,5
130025,Urbain,7
130026,Urbain,6
130027,Urbain,5
130029,Urbain,4
130030,Urbain,1
130032,Urbain,4
130033,Urbain,3
130034,Urbain,4
130035,Urbain,3
130036,Urbain,3
130038,Urbain,1
130039,Urbain,4
130040,Urbain,2
130051,Rural,2
130052,Rural,5
130053,Rural,1
130054,Rural,1
130055,Rural,2
130056,Rural,4
130057,Rural,4
130059,Urbain,7
130060,Rural,4
139002,Urbain,4
139003,Urbain,1
139004,Urbain,2
139005,Urbain,3
139007,Urbain,1
139008,Urbain,4
139009,Urbain,1
139010,Urbain,4
139011,Urbain,6
139012,Urbain,4
139013,Urbain,9
139015,Urbain,7
139016,Urbain,3
139018,Urbain,2
139020,Urbain,5
139021,Urbain,1
139022,Urbain,2
139023,Urbain,2
139024,Urbain,4
139025,Urbain,3
139026,Urbain,6
139027,Urbain,1
139029,Urbain,1
139030,Urbain,3
139031,Urbain,4
139032,Urbain,2
139033,Urbain,6
139034,Urbain,6
139035,Urbain,5
139036,Urbain,5
139037,Urbain,5
139038,Urbain,5
139039,Urbain,1
139041,Urbain,5
139042,Urbain,1
139043,Urbain,5
139044,Urbain,5
139046,Urbain,7
139047,Urbain,5
139048,Urbain,1
139049,Urbain,1
139050,Urbain,5
139052,Urbain,5
139053,Urbain,1
139054,Urbain,4
139055,Urbain,5
139057,Urbain,1
139058,Urbain,6
139059,Urbain,3
139061,Urbain,3
139062,Urbain,5
139063,Urbain,4
139064,Urbain,1
139065,Urbain,1
139067,Urbain,3
139068,Urbain,5
139069,Urbain,6
139070,Urbain,5
139071,Urbain,7
139072,Urbain,4
139073,Urbain,7
139074,Urbain,6
139075,Urbain,4
139076,Urbain,1
139078,Urbain,2
139079,Urbain,1
139080,Urbain,4
139082,Urbain,1
139083,Urbain,2
139084,Urbain,6
139085,Urbain,1
139086,Urbain,5
139087,Urbain,1
139089,Urbain,3
139090,Urbain,3
139092,Urbain,3
139093,Urbain,2
139094,Urbain,4
139095,Urbain,6
139096,Urbain,5
139098,Urbain,6
139099,Urbain,11
139102,Urbain,5
139103,Urbain,5
139104,Urbain,2
139105,Urbain,7
139106,Urbain,5
139107,Urbain,5
139108,Urbain,1
139109,Urbain,2
139111,Urbain,1
139112,Urbain,6
139113,Urbain,2
139114,Urbain,3
139115,Urbain,4
139116,Urbain,4
139119,Urbain,6
139120,Urbain,3
139121,Urbain,7
139123,Urbain,4
139124,Urbain,2
139125,Urbain,4
139127,Urbain,3
139128,Urbain,1
139130,Urbain,1
139134,Urbain,4
139144,Urbain,4
139145,Urbain,3
139146,Urbain,3
139148,Urbain,4
139149,Urbain,4
139150,Urbain,2
139151,Urbain,2
139152,Urbain,2
139153,Urbain,2
139155,Urbain,3
139156,Urbain,3
140001,Rural,2
140003,Rural,5
140004,Rural,3
140006,Rural,2
140007,Rural,7
140008,Urbain,3
140009,Rural,4
140010,Rural,3
140021,Rural,3
140022,Rural,3
140023,Rural,9
140024,Rural,1
140025,Rural,7
140026,Rural,4
140027,Rural,8
140030,Rural,8
140062,Rural,4
140063,Rural,4
140065,Rural,6
140066,Rural,1
140067,Rural,3
140068,Rural,2
140069,Rural,7
140070,Rural,1
140072,Rural,3
140073,Rural,1
140074,Rural,1
140075,Rural,1
140076,Rural,4
140078,Rural,5
140079,Rural,7
140080,Rural,6
140082,Rural,1
140083,Rural,1
140084,Rural,10
140085,Rural,7
140086,Rural,1
140087,Rural,4
140089,Rural,4
140090,Rural,7
140121,Rural,2
140122,Rural,2
140123,Rural,1
140124,Rural,5
140125,Rural,1
140126,Rural,1
140127,Rural,6
140128,Rural,1
140129,Rural,4
140130,Rural,10
149001,Rural,4
149002,Rural,2
149003,Rural,1
149004,Rural,1
149005,Rural,1
149006,Rural,2
149007,Rural,2
149008,Rural,6
149011,Rural,5
149012,Rural,1
149013,Rural,5
149015,Rural,8
149016,Rural,6
149017,Rural,7
149018,Rural,1
149019,Rural,5
149020,Rural,3
149021,Rural,5
149022,Rural,5
149023,Rural,5
149025,Rural,1
149026,Rural,2
149028,Rural,3
149029,Rural,1
149030,Rural,3
149031,Rural,3
149032,Rural,10
149033,Rural,2
149034,Rural,2
149036,Rural,1
149037,Urbain,4
149038,Urbain,10
149039,Urbain,2
149040,Urbain,2
149041,Urbain,3
149044,Urbain,6
149045,Urbain,7
149046,Urbain,6
149047,Urbain,6
149048,Urbain,7
149049,Rural,6
149051,Rural,2
149052,Rural,1
149053,Rural,5
149054,Rural,3
149055,Rural,5
149056,Rural,3
149057,Rural,2
149059,Rural,6
149060,Rural,9
149061,Urbain,5
149062,Urbain,5
149063,Urbain,2
149065,Urbain,2
149067,Urbain,5
149068,Urbain,7
149070,Urbain,7
149072,Urbain,6
149074,Urbain,7
149076,Urbain,5
149077,Urbain,4
149078,Urbain,3
149079,Urbain,8
149080,Urbain,1
149082,Urbain,4
149083,Urbain,5
149085,Rural,5
149086,Rural,3
149087,Rural,3
149088,Rural,6
149089,Rural,3
149090,Rural,6
149091,Rural,4
149093,Rural,1
149094,Rural,6
149096,Rural,6
149097,Rural,1
149098,Rural,1
149099,Rural,3
149101,Rural,2
149102,Rural,6
149103,Rural,1
149104,Rural,1
149105,Rural,2
149107,Rural,1
149108,Rural,1
149109,Rural,3
149110,Rural,4
149111,Rural,2
149112,Rural,1
149114,Rural,4
149115,Rural,2
149116,Rural,2
149119,Rural,6
149120,Rural,5
149122,Rural,2
149123,Rural,6
149125,Rural,3
149126,Rural,2
149127,Rural,4
149128,Rural,2
149129,Rural,8
149130,Rural,6
149132,Rural,6
149133,Rural,4
149134,Rural,5
149135,Rural,4
149136,Rural,7
149138,Rural,4
149139,Rural,5
149140,Rural,2
149142,Rural,2
149143,Rural,4
149155,Urbain,1
149156,Urbain,5
149162,Rural,6
150001,Urbain,5
150002,Urbain,7
150003,Urbain,18
150004,Urbain,10
150005,Urbain,1
150006,Urbain,1
150007,Urbain,12
150008,Urbain,7
150010,Urbain,1
150012,Rural,9
150013,Rural,8
150014,Rural,7
150015,Rural,5
150016,Rural,9
150017,Rural,7
150018,Rural,5
150019,Rural,2
150020,Rural,6
150021,Rural,10
150022,Rural,8
150023,Rural,8
150024,Rural,5
150025,Rural,10
150026,Rural,6
150027,Rural,7
150028,Rural,7
150029,Rural,9
150030,Rural,5
150061,Rural,1
150062,Rural,12
150063,Rural,6
150064,Rural,10
150065,Rural,9
150066,Rural,5
150067,Rural,4
150068,Rural,7
150069,Rural,5
150070,Rural,1
150071,Urbain,6
150072,Rural,7
150073,Urbain,7
150075,Urbain,4
150076,Urbain,5
150077,Urbain,5
150078,Urbain,7
150079,Rural,14
150080,Urbain,11
159001,Rural,8
159002,Rural,11
159003,Rural,8
159004,Rural,5
159005,Rural,4
159006,Rural,10
159007,Rural,1
159010,Rural,9
159011,Rural,2
159012,Rural,3
159013,Rural,8
159014,Rural,4
159015,Rural,1
159016,Rural,10
159017,Rural,8
159018,Rural,7
159019,Rural,6
159021,Rural,8
159022,Rural,8
159023,Rural,9
159025,Rural,9
159026,Rural,5
159027,Rural,5
159028,Rural,4
159029,Rural,3
159032,Rural,6
159033,Rural,4
159034,Rural,10
159035,Rural,2
159036,Urbain,7
159037,Urbain,7
159038,Urbain,8
159039,Urbain,6
159040,Urbain,3
159042,Urbain,15
159043,Urbain,7
159045,Urbain,2
159047,Urbain,8
159048,Urbain,7
159049,Urbain,13
159050,Urbain,7
159051,Urbain,5
159052,Urbain,5
159053,Urbain,10
159055,Urbain,9
159056,Urbain,6
159057,Urbain,7
159059,Urbain,12
159060,Urbain,9
159061,Urbain,5
159062,Urbain,1
159063,Urbain,7
159064,Urbain,9
159065,Urbain,4
159066,Urbain,1
159067,Urbain,10
159068,Urbain,14
159071,Urbain,5
159072,Rural,10
159073,Rural,7
159074,Rural,9
159076,Rural,7
159078,Rural,10
159079,Rural,6
159081,Rural,9
159082,Rural,14
159083,Rural,4
159084,Rural,7
159085,Rural,12
159086,Rural,6
159087,Rural,1
159088,Rural,5
159089,Rural,4
159090,Rural,7
159093,Rural,3
159094,Rural,9
159095,Rural,11
159096,Rural,10
159097,Rural,2
159098,Rural,6
159099,Rural,9
159100,Rural,4
159101,Rural,5
159102,Rural,5
159105,Rural,5
159106,Rural,12
159107,Rural,8
159111,Rural,6
159112,Urbain,19
159119,Rural,6
160001,Rural,6
160002,Rural,3
160003,Rural,4
160004,Rural,5
160005,Rural,10
160006,Rural,4
160007,Rural,4
160008,Rural,4
160009,Rural,4
160010,Rural,6
160017,Urbain,1
160018,Urbain,3
160019,Urbain,3
160024,Urbain,6
160025,Urbain,1
160032,Urbain,5
160035,Urbain,8
160036,Urbain,6
160041,Urbain,4
160051,Rural,3
160053,Rural,3
160054,Rural,3
160055,Rural,6
160056,Rural,6
160057,Rural,8
160058,Rural,6
160059,Rural,2
160060,Rural,6
160144,Rural,2
160145,Rural,4
160146,Rural,2
160147,Rural,6
160148,Rural,1
160149,Rural,2
160150,Rural,3
160151,Rural,4
160152,Rural,1
160153,Rural,2
169001,Rural,4
169002,Rural,5
169003,Rural,2
169004,Rural,5
169007,Rural,8
169008,Rural,4
169009,Rural,2
169010,Rural,1
169011,Rural,3
169012,Rural,3
169013,Rural,1
169014,Rural,3
169016,Rural,2
169017,Rural,1
169018,Rural,1
169020,Rural,1
169021,Rural,11
169022,Rural,6
169024,Rural,5
169026,Rural,6
169027,Rural,2
169028,Rural,6
169029,Rural,1
169030,Rural,4
169032,Rural,1
169033,Rural,3
169035,Rural,8
169036,Rural,10
169038,Rural,3
169040,Rural,2
169041,Rural,4
169042,Rural,1
169043,Rural,6
169044,Rural,3
169045,Rural,3
169046,Rural,6
169047,Rural,2
169048,Rural,2
169049,Rural,4
169050,Rural,3
169051,Rural,4
169054,Rural,2
169056,Rural,2
169057,Rural,3
169058,Rural,4
169059,Rural,2
169060,Rural,4
169061,Rural,8
169063,Rural,3
169065,Rural,2
169066,Rural,3
169067,Rural,4
169068,Rural,2
169069,Rural,1
169070,Rural,3
169071,Rural,1
169072,Rural,6
169073,Rural,4
169075,Rural,3
169076,Rural,3
169077,Rural,1
169078,Rural,2
169079,Rural,5
169080,Rural,4
169083,Rural,4
169084,Rural,2
169085,Rural,1
169088,Rural,7
169089,Rural,2
169091,Rural,5
169092,Rural,4
169094,Rural,4
169095,Rural,8
169096,Rural,9
169097,Rural,5
169099,Rural,4
169101,Rural,4
169103,Rural,6
169104,Rural,3
169105,Rural,3
169106,Rural,1
169107,Rural,4
169108,Rural,1
169109,Rural,3
169111,Rural,2
169112,Rural,3
169113,Rural,7
169114,Rural,4
169115,Rural,4
169116,Rural,6
169117,Rural,6
169119,Rural,2
169120,Rural,2
169121,Rural,3
169122,Rural,1
169124,Rural,7
169125,Rural,10
169126,Rural,1
169127,Rural,1
169128,Rural,5
169129,Rural,4
169130,Rural,6
169131,Rural,3
169133,Rural,5
169134,Rural,2
169136,Rural,4
169137,Rural,5
169138,Rural,5
169139,Rural,2
169141,Rural,4
169142,Rural,6
169144,Rural,3
169145,Rural,5
169147,Rural,7
169148,Rural,1
169149,Rural,6
169150,Rural,6
169153,Rural,4
169154,Rural,4
169155,Rural,1
169156,Rural,1
169160,Rural,1
169166,Rural,4
169170,Rural,2
169171,Rural,3
169172,Rural,5
169179,Rural,2
169181,Rural,6
169202,Rural,5
170041,Rural,9
170042,Rural,6
170043,Rural,6
170044,Rural,8
170045,Rural,1
170046,Rural,10
170047,Rural,7
170048,Rural,17
170049,Rural,11
170050,Rural,7
170081,Rural,9
170082,Rural,7
170083,Rural,7
170084,Rural,1
170085,Rural,11
170086,Urbain,7
170087,Rural,10
170088,Rural,13
170089,Rural,7
170090,Rural,6
179001,Rural,9
179002,Rural,7
179003,Rural,5
179004,Rural,8
179005,Rural,6
179006,Rural,16
179008,Rural,12
179010,Rural,4
179011,Rural,9
179012,Rural,10
179013,Rural,8
179015,Rural,3
179017,Rural,9
179018,Rural,3
179019,Rural,20
179020,Rural,5
179021,Rural,8
179022,Rural,4
179023,Rural,2
179024,Rural,19
179025,Rural,8
179026,Rural,10
179028,Rural,6
179030,Rural,7
179031,Rural,11
179032,Rural,1
179033,Rural,13
179034,Rural,4
179035,Rural,8
179036,Rural,7
179037,Rural,5
179039,Rural,5
179041,Rural,8
179042,Rural,4
179043,Rural,7
179044,Rural,7
179045,Rural,11
179046,Rural,6
179047,Rural,2
179048,Rural,4
179049,Rural,10
179050,Rural,3
179052,Rural,9
179053,Rural,8
179054,Rural,5
179055,Rural,11
179056,Rural,4
179058,Rural,4
179059,Rural,15
179060,Rural,3
179061,Rural,20
179062,Urbain,2
179063,Rural,8
179064,Rural,9
179065,Rural,3
179067,Rural,9
179068,Rural,7
179069,Rural,2
179070,Rural,2
179072,Rural,3
179073,Urbain,18
179074,Urbain,5
179075,Urbain,6
179076,Urbain,15
179077,Urbain,21
179079,Urbain,12
179080,Rural,9
179081,Urbain,14
179082,Urbain,9
179084,Urbain,5
179085,Urbain,12
179086,Urbain,14
179087,Urbain,4
179089,Urbain,4
179091,Urbain,16
179092,Urbain,17
179093,Urbain,6
179095,Urbain,4
179096,Urbain,4
179097,Rural,7
179098,Rural,4
179100,Rural,11
179101,Rural,7
179102,Rural,5
179103,Rural,6
179104,Rural,1
179105,Rural,6
179106,Rural,6
179108,Rural,2
179124,Urbain,3
180001,Urbain,7
180003,Urbain,4
180004,Urbain,8
180005,Urbain,7
180006,Urbain,4
180007,Urbain,1
180008,Urbain,6
180009,Urbain,10
180031,Rural,8
180032,Rural,11
180033,Rural,11
180034,Rural,13
180035,Rural,7
180036,Rural,14
180037,Rural,6
180038,Rural,11
180039,Rural,2
180040,Rural,19
180041,Urbain,8
180042,Urbain,7
180043,Urbain,8
180044,Urbain,4
180045,Urbain,5
180046,Urbain,5
180047,Urbain,11
180049,Urbain,9
180050,Urbain,8
180091,Rural,6
180092,Rural,5
180093,Rural,2
180094,Rural,6
180095,Rural,5
180096,Rural,1
180097,Rural,10
180098,Rural,8
180099,Rural,8
180100,Rural,4
189003,Rural,8
189005,Rural,3
189006,Rural,4
189007,Rural,6
189008,Rural,1
189009,Rural,5
189010,Rural,10
189011,Rural,3
189012,Rural,5
189014,Rural,6
189015,Rural,4
189016,Rural,6
189017,Rural,8
189018,Rural,12
189019,Rural,7
189020,Rural,7
189021,Rural,8
189023,Rural,16
189024,Rural,5
189025,Urbain,7
189028,Urbain,3
189029,Urbain,4
189031,Urbain,6
189032,Urbain,7
189033,Urbain,7
189034,Urbain,5
189035,Urbain,4
189036,Urbain,3
189037,Rural,4
189038,Rural,11
189039,Rural,5
189040,Rural,14
189041,Rural,3
189042,Rural,3
189043,Rural,7
189045,Rural,10
189047,Rural,5
189048,Rural,13
189049,Rural,7
189051,Rural,4
189052,Rural,5
189053,Rural,13
189054,Rural,7
189055,Rural,4
189056,Rural,3
189057,Rural,6
189058,Rural,6
189060,Rural,7
189062,Rural,12
189064,Rural,9
189065,Rural,5
189066,Rural,4
189067,Rural,7
189068,Rural,6
189069,Rural,11
189070,Rural,12
189071,Rural,4
189072,Rural,8
189073,Urbain,3
189074,Urbain,3
189075,Rural,5
189076,Urbain,8
189077,Urbain,6
189078,Urbain,5
189079,Urbain,6
189080,Urbain,4
189081,Urbain,8
189082,Urbain,3
189085,Urbain,5
189086,Urbain,4
189087,Urbain,8
189089,Urbain,4
189090,Urbain,4
189091,Urbain,8
189093,Urbain,10
189094,Urbain,8
189095,Urbain,6
189096,Urbain,6
189097,Urbain,8
189099,Urbain,3
189100,Urbain,8
189101,Urbain,7
189102,Urbain,10
189103,Urbain,2
189104,Urbain,5
189105,Urbain,3
189106,Urbain,8
189108,Urbain,8
189109,Rural,8
189110,Rural,6
189112,Rural,6
189116,Rural,2
189117,Rural,8
189118,Rural,6
189119,Rural,3
189120,Rural,4
189121,Rural,7
189122,Rural,6
189125,Rural,3
189126,Rural,12
189127,Rural,12
189128,Rural,4
189129,Rural,6
189130,Rural,7
189131,Rural,6
189132,Rural,6
189133,Rural,14
189134,Rural,6
189136,Rural,3
189137,Rural,8
189139,Rural,3
189140,Rural,3
189141,Rural,9
189142,Rural,4
189143,Rural,8
189144,Rural,6
189147,Rural,5
189148,Rural,10
189149,Rural,6
189150,Rural,16
189151,Rural,29
189152,Rural,10
189154,Rural,7
189155,Rural,9
189156,Rural,7
189157,Rural,15
189158,Rural,6
189159,Rural,4
189160,Rural,6
189161,Rural,3
189162,Rural,4
189164,Rural,7
189165,Rural,5
189167,Rural,7
189168,Rural,1
189169,Rural,13
189170,Rural,4
189171,Rural,2
189173,Rural,7
189174,Rural,4
189175,Rural,6
189176,Rural,4
189178,Rural,9
189179,Rural,3
189180,Rural,12
189181,Urbain,8
189183,Urbain,10
189184,Urbain,10
189185,Urbain,6
189186,Urbain,5
189187,Urbain,7
189188,Urbain,6
189189,Urbain,6
189191,Urbain,5
189192,Urbain,5
189193,Rural,8
189194,Rural,13
189195,Rural,8
189196,Rural,9
189197,Rural,7
189199,Rural,8
189200,Rural,6
189202,Rural,11
189203,Rural,4
189204,Rural,11
189205,Rural,5
189206,Rural,4
189207,Urbain,4
189209,Rural,3
189210,Rural,4
189212,Rural,9
189213,Rural,3
189214,Rural,6
189216,Rural,5
189218,Rural,5
189222,Urbain,6
189235,Rural,7
189236,Rural,8
189242,Rural,16
189252,Rural,7
190011,Urbain,5
190012,Urbain,8
190013,Urbain,5
190014,Urbain,21
190015,Rural,6
190016,Rural,5
190017,Urbain,6
190018,Urbain,10
190019,Urbain,7
190020,Urbain,8
190081,Rural,12
190082,Rural,8
190083,Rural,8
190084,Rural,10
190085,Rural,7
190086,Rural,7
190087,Rural,5
190088,Rural,6
190089,Rural,7
190090,Rural,11
190111,Urbain,10
190112,Urbain,14
190113,Urbain,13
190114,Urbain,18
190115,Urbain,13
190116,Urbain,13
190117,Urbain,5
190118,Urbain,13
190119,Urbain,10
190131,Rural,5
190132,Rural,8
190133,Rural,11
190134,Rural,12
190135,Rural,3
190136,Rural,11
190137,Rural,4
190138,Rural,6
190139,Rural,10
190140,Rural,2
190161,Rural,7
190162,Rural,4
190163,Rural,5
190164,Rural,4
190165,Rural,7
190166,Rural,6
190167,Rural,5
190168,Rural,5
190169,Rural,6
190170,Rural,11
190171,Rural,10
190172,Rural,9
190173,Rural,10
190174,Rural,2
190175,Rural,8
190176,Rural,7
190177,Rural,9
190178,Rural,9
190179,Rural,6
190180,Rural,9
190192,Rural,13
190193,Rural,5
190194,Rural,8
190195,Rural,10
190196,Rural,10
190197,Rural,11
190198,Rural,6
190199,Rural,7
190200,Rural,7
199001,Rural,14
199002,Rural,8
199004,Rural,9
199005,Rural,11
199006,Rural,9
199007,Rural,14
199008,Rural,6
199011,Rural,2
199012,Rural,6
199013,Rural,7
199014,Rural,14
199015,Rural,4
199016,Rural,6
199018,Rural,9
199019,Rural,5
199021,Rural,3
199022,Rural,3
199023,Rural,3
199024,Rural,2
199025,Rural,19
199026,Rural,8
199027,Rural,12
199030,Rural,9
199031,Rural,4
199032,Rural,6
199033,Rural,13
199034,Rural,9
199035,Rural,8
199036,Rural,3
199037,Rural,6
199038,Rural,7
199040,Rural,7
199041,Rural,5
199042,Rural,5
199044,Rural,12
199045,Rural,4
199046,Rural,6
199047,Rural,21
199048,Rural,8
199051,Rural,7
199052,Rural,3
199053,Rural,12
199054,Rural,2
199055,Rural,12
199056,Rural,3
199057,Rural,7
199058,Rural,5
199059,Rural,7
199060,Rural,5
199061,Rural,6
199062,Rural,6
199064,Rural,4
199065,Rural,10
199066,Rural,8
199067,Rural,20
199068,Rural,4
199069,Rural,5
199071,Rural,12
199072,Rural,8
199073,Rural,6
199074,Rural,8
199075,Rural,3
199077,Rural,8
199078,Rural,6
199079,Rural,4
199080,Rural,8
199081,Rural,2
199082,Rural,5
199083,Rural,4
199085,Rural,5
199086,Rural,7
199087,Rural,10
199088,Rural,8
199090,Rural,2
199091,Rural,4
199092,Rural,5
199093,Rural,11
199094,Rural,8
199095,Rural,9
199097,Rural,11
200011,Rural,7
200013,Rural,3
200014,Rural,7
200015,Rural,3
200016,Rural,7
200020,Rural,3
200071,Rural,7
200072,Rural,11
200074,Rural,3
200075,Rural,3
200076,Rural,4
200077,Rural,5
200078,Rural,3
200079,Rural,4
200101,Rural,6
200102,Rural,9
200103,Rural,6
200104,Rural,16
200105,Rural,15
200106,Rural,11
200107,Rural,5
200108,Rural,11
200109,Rural,9
200110,Rural,10
200161,Rural,4
200162,Rural,6
200164,Urbain,10
200165,Rural,3
200166,Rural,13
200167,Rural,4
200168,Rural,4
200169,Urbain,7
200170,Rural,10
200181,Urbain,4
200182,Urbain,9
200183,Urbain,7
200184,Urbain,7
200185,Urbain,11
200186,Urbain,9
200187,Urbain,1
200188,Urbain,8
200189,Urbain,8
200190,Urbain,24
209001,Rural,3
209002,Rural,2
209003,Rural,2
209005,Rural,11
209006,Rural,9
209007,Rural,5
209009,Rural,8
209010,Rural,11
209011,Rural,7
209012,Rural,10
209014,Rural,10
209015,Rural,10
209016,Rural,7
209017,Rural,5
209018,Rural,10
209019,Rural,7
209020,Rural,12
209021,Rural,2
209022,Rural,12
209023,Rural,3
209025,Rural,8
209026,Rural,15
209027,Rural,1
209028,Rural,3
209029,Rural,12
209030,Rural,4
209031,Rural,7
209033,Rural,7
209035,Rural,7
209036,Rural,4
209037,Urbain,1
209038,Urbain,8
209041,Urbain,3
209042,Urbain,1
209043,Urbain,12
209044,Urbain,7
209045,Urbain,9
209046,Urbain,9
209047,Urbain,6
209048,Urbain,7
209049,Rural,19
209050,Rural,4
209051,Rural,5
209052,Rural,6
209053,Rural,6
209055,Rural,4
209056,Rural,4
209058,Rural,12
209059,Rural,6
209060,Rural,12
209062,Urbain,7
209063,Urbain,9
209064,Urbain,4
209066,Urbain,6
209067,Urbain,11
209068,Urbain,9
209069,Urbain,15
209070,Urbain,4
209071,Urbain,12
209072,Urbain,4
209073,Urbain,1
209075,Urbain,1
209077,Urbain,6
209078,Urbain,6
209079,Urbain,7
209080,Urbain,7
209081,Urbain,9
209082,Urbain,1
209083,Urbain,5
209084,Urbain,11
209085,Rural,2
209086,Rural,6
209087,Rural,16
209088,Rural,7
209089,Rural,4
209090,Rural,5
209091,Rural,9
209094,Rural,2
209095,Rural,6
209096,Rural,5
209098,Rural,16
209099,Rural,9
209100,Rural,8
209101,Rural,4
209102,Rural,6
209103,Rural,2
209105,Rural,6
209106,Rural,5
209107,Rural,8
209108,Rural,8
209111,Rural,6
209112,Rural,11
209113,Rural,3
209114,Rural,12
209115,Rural,13
209116,Rural,7
209117,Rural,3
209118,Rural,17
209119,Rural,2
209120,Rural,5
209121,Rural,5
209122,Rural,3
209123,Rural,6
209124,Rural,10
209125,Rural,4
209126,Rural,5
209127,Rural,11
209128,Rural,5
209130,Rural,4
209131,Rural,5
210001,Rural,7
210002,Rural,10
210003,Rural,8
210004,Rural,15
210005,Rural,13
210006,Rural,12
210007,Rural,3
210008,Rural,10
210009,Rural,1
210010,Rural,11
210031,Rural,6
210032,Rural,2
210033,Rural,7
210034,Rural,6
210035,Rural,6
210036,Rural,4
210037,Rural,8
210038,Rural,9
210039,Rural,3
210040,Rural,8
210051,Rural,2
210052,Rural,6
210053,Rural,3
210054,Rural,8
210055,Rural,5
210056,Rural,8
210057,Rural,5
210058,Rural,5
210060,Rural,8
219001,Urbain,11
219002,Urbain,2
219003,Urbain,3
219004,Urbain,3
219005,Urbain,13
219006,Urbain,5
219007,Urbain,7
219008,Urbain,8
219009,Urbain,5
219010,Urbain,2
219014,Rural,4
219015,Rural,4
219017,Rural,10
219018,Rural,7
219020,Rural,13
219021,Rural,3
219022,Rural,7
219023,Rural,3
219024,Rural,11
219025,Rural,10
219026,Rural,2
219027,Rural,6
219028,Rural,17
219031,Rural,7
219032,Rural,5
219033,Rural,5
219034,Rural,5
219035,Rural,4
219036,Rural,5
219038,Rural,10
219039,Rural,1
219040,Rural,4
219041,Rural,8
219042,Rural,11
219043,Rural,5
219044,Rural,2
219045,Rural,12
219047,Rural,3
219048,Rural,1
219049,Rural,5
219051,Rural,5
219052,Rural,3
219054,Rural,6
219055,Rural,4
219056,Rural,3
219057,Rural,12
219058,Rural,7
219059,Rural,10
219060,Rural,8
219061,Rural,7
219062,Rural,6
219063,Rural,9
219064,Rural,18
219065,Rural,8
219066,Rural,5
219067,Rural,7
219069,Rural,6
219070,Rural,3
219071,Rural,10
219076,Rural,16
220011,Rural,3
220012,Rural,5
220013,Rural,13
220014,Rural,2
220015,Rural,9
220016,Rural,16
220017,Rural,8
220018,Rural,7
220019,Rural,12
220020,Rural,11
220021,Urbain,7
220022,Urbain,6
220024,Urbain,1
220025,Urbain,1
220026,Urbain,5
220027,Urbain,6
220028,Urbain,8
220029,Urbain,7
220051,Urbain,4
220052,Urbain,3
220053,Urbain,2
220054,Urbain,4
220055,Urbain,5
220056,Urbain,3
220057,Urbain,6
220058,Urbain,2
220059,Urbain,6
220060,Urbain,5
220111,Rural,10
220112,Rural,5
220113,Rural,9
220114,Rural,13
220115,Rural,5
220116,Rural,5
220117,Rural,7
220118,Rural,2
220119,Rural,2
220120,Rural,13
229002,Rural,5
229003,Rural,3
229004,Rural,14
229005,Rural,6
229006,Rural,1
229007,Rural,5
229009,Rural,2
229010,Rural,7
229011,Rural,4
229012,Rural,3
229014,Rural,4
229015,Rural,5
229016,Rural,1
229017,Rural,3
229018,Rural,7
229020,Rural,8
229021,Rural,4
229023,Rural,5
229024,Rural,3
229025,Rural,3
229026,Rural,3
229028,Rural,1
229029,Rural,2
229031,Rural,4
229032,Rural,6
229033,Rural,1
229035,Rural,14
229036,Rural,4
229037,Urbain,3
229038,Urbain,4
229039,Urbain,3
229040,Urbain,2
229041,Urbain,5
229042,Urbain,4
229044,Urbain,4
229046,Urbain,7
229047,Urbain,2
229048,Urbain,4
229049,Urbain,2
229050,Urbain,4
229051,Urbain,7
229052,Urbain,5
229053,Urbain,5
229056,Urbain,5
229057,Urbain,4
229058,Urbain,2
229059,Urbain,2
229060,Urbain,14
229061,Urbain,2
229063,Urbain,6
229064,Urbain,1
229065,Urbain,7
229066,Urbain,3
229068,Urbain,4
229070,Urbain,5
229071,Urbain,1
229072,Urbain,1
229087,Rural,13
229090,Rural,3
229094,Urbain,4
230011,Urbain,3
230013,Urbain,1
230014,Urbain,6
230015,Urbain,4
230016,Urbain,7
230017,Urbain,5
230018,Urbain,6
230019,Urbain,3
230020,Urbain,4
230071,Rural,7
230072,Rural,6
230073,Rural,4
230074,Urbain,11
230075,Urbain,3
230076,Rural,7
230077,Rural,2
230078,Rural,6
230079,Rural,4
230080,Rural,2
230081,Rural,8
230083,Rural,3
230084,Rural,2
230085,Rural,1
230086,Rural,6
230087,Rural,7
230088,Urbain,2
230089,Rural,5
230090,Rural,6
230091,Rural,11
230092,Rural,6
230093,Rural,12
230095,Rural,9
230097,Rural,13
230099,Rural,9
239001,Rural,10
239002,Rural,4
239003,Rural,3
239004,Rural,3
239005,Rural,5
239006,Rural,3
239007,Rural,4
239009,Rural,7
239010,Rural,6
239012,Rural,2
239013,Rural,4
239014,Rural,6
239015,Rural,3
239016,Rural,8
239017,Rural,8
239018,Rural,9
239021,Rural,5
239022,Rural,5
239023,Rural,1
239024,Rural,5
239025,Rural,9
239026,Rural,4
239027,Rural,1
239028,Rural,2
239029,Rural,2
239030,Rural,2
239032,Rural,5
239033,Rural,1
239036,Rural,1
239037,Rural,5
239039,Rural,4
239042,Rural,1
239043,Rural,6
239044,Rural,1
239045,Rural,6
239046,Rural,2
239047,Rural,6
239048,Rural,3
239049,Urbain,5
239050,Urbain,6
239051,Urbain,8
239052,Urbain,6
239053,Urbain,13
239054,Urbain,2
239055,Urbain,4
239057,Urbain,5
239058,Urbain,2
239059,Urbain,1
239061,Urbain,2
239062,Urbain,5
239063,Urbain,3
239064,Urbain,9
239065,Urbain,6
239066,Urbain,2
239068,Urbain,4
239070,Urbain,1
239071,Urbain,5
239072,Urbain,7
239074,Urbain,3
239075,Urbain,6
239076,Urbain,2
239077,Urbain,3
239078,Urbain,1
239081,Urbain,6
239083,Urbain,5
239084,Urbain,3
239085,Rural,5
239086,Rural,9
239087,Rural,2
239088,Rural,4
239089,Rural,7
239090,Rural,5
239092,Rural,1
239093,Rural,2
239095,Rural,5
239096,Rural,4
239097,Urbain,5
239099,Urbain,7
239100,Urbain,3
239101,Urbain,1
239103,Urbain,5
239104,Urbain,6
239106,Urbain,6
239107,Urbain,6
239108,Urbain,3
239110,Rural,1
239111,Rural,2
239112,Rural,2
239113,Rural,2
239114,Rural,4
239116,Rural,4
239117,Rural,3
239118,Rural,5
239120,Rural,3
239121,Rural,6
239122,Rural,2
239123,Rural,1
239124,Rural,8
239125,Rural,6
239127,Rural,3
239128,Rural,3
239129,Rural,4
239130,Rural,4
239131,Rural,3
239132,Rural,1
239133,Rural,2
239135,Rural,4
239136,Rural,7
239137,Rural,3
239138,Rural,2
239140,Rural,3
239141,Rural,10
239142,Rural,6
239143,Rural,6
239144,Urbain,7
239145,Urbain,2
239146,Urbain,6
239147,Urbain,4
239148,Urbain,5
239149,Urbain,6
239150,Urbain,8
239151,Urbain,7
239152,Urbain,6
239155,Urbain,1
239156,Rural,1
239158,Rural,7
239159,Rural,2
239160,Rural,2
239161,Rural,4
239162,Rural,5
239163,Rural,1
239164,Rural,4
239165,Rural,4
239167,Rural,7
239168,Rural,12
239169,Rural,2
239170,Rural,1
239171,Rural,1
239172,Rural,1
239173,Rural,2
239175,Rural,4
239176,Rural,7
239177,Rural,4
239178,Rural,2
239180,Rural,7
239181,Rural,1
239182,Rural,3
239183,Rural,10
239184,Rural,10
239186,Rural,2
239187,Rural,7
239188,Rural,7
239189,Rural,7
239190,Rural,3
239197,Rural,4
239199,Rural,2
239204,Urbain,2
239205,Urbain,1
239209,Urbain,4
239210,Rural,5
239211,Rural,4
239212,Rural,3
239213,Rural,7
239214,Rural,4
239216,Rural,1
239217,Rural,1
239218,Rural,3
239219,Rural,4
239221,Rural,9
239222,Rural,4
240051,Urbain,4
240052,Urbain,5
240053,Urbain,4
240055,Urbain,5
240056,Urbain,4
240057,Urbain,2
240059,Urbain,9
240060,Urbain,4
240071,Urbain,3
240072,Urbain,7
240073,Urbain,5
240074,Urbain,3
240075,Urbain,5
240077,Urbain,5
240078,Urbain,8
240079,Urbain,5
240080,Urbain,4
240081,Urbain,1
240083,Urbain,3
240084,Urbain,7
240085,Urbain,3
240086,Urbain,6
240087,Urbain,4
240088,Urbain,5
240089,Urbain,4
240090,Urbain,3
240112,Urbain,7
240113,Urbain,2
240114,Urbain,4
240115,Urbain,2
240116,Urbain,1
240117,Urbain,5
240118,Urbain,9
240119,Urbain,4
240120,Urbain,2
240122,Urbain,3
240123,Urbain,5
240124,Urbain,8
240125,Urbain,5
240127,Urbain,1
240128,Urbain,3
240129,Urbain,5
249001,Urbain,5
249002,Urbain,4
249006,Urbain,2
249008,Urbain,5
249009,Urbain,1
249010,Urbain,3
249011,Urbain,6
249012,Urbain,3
249013,Urbain,7
249015,Urbain,3
249016,Urbain,6
249019,Urbain,11
249021,Urbain,6
249022,Urbain,3
249023,Urbain,3
249024,Urbain,6
249025,Urbain,2
249026,Urbain,5
249027,Urbain,1
249029,Urbain,6
249031,Urbain,6
249032,Urbain,5
249033,Urbain,2
249034,Urbain,4
249035,Urbain,4
249037,Urbain,4
249038,Urbain,6
249040,Urbain,6
249041,Urbain,3
249042,Urbain,4
249046,Urbain,4
249047,Urbain,5
249048,Urbain,4
249049,Urbain,2
249051,Urbain,4
249053,Urbain,5
249054,Urbain,3
249056,Urbain,7
249057,Urbain,7
249058,Urbain,3
249059,Urbain,7
249060,Urbain,5
249061,Urbain,7
249063,Urbain,5
249065,Urbain,3
249066,Urbain,1
249067,Urbain,5
249068,Urbain,6
249069,Urbain,4
249070,Urbain,4
249071,Urbain,6
249072,Urbain,3
249073,Urbain,6
249074,Urbain,2
249075,Urbain,5
249077,Urbain,5
249078,Urbain,2
249079,Urbain,1
249081,Urbain,4
249083,Urbain,5
249084,Urbain,1
249085,Urbain,6
249088,Urbain,4
249089,Urbain,6
249090,Urbain,6
249091,Urbain,6
249093,Urbain,3
249094,Urbain,7
249095,Urbain,6
249096,Urbain,4
249098,Urbain,2
249102,Urbain,2
249103,Urbain,5
249104,Urbain,10
249105,Urbain,1
249106,Urbain,4
249107,Urbain,2
249108,Urbain,1
249109,Urbain,5
249111,Urbain,5
249112,Urbain,3
249113,Urbain,2
249114,Urbain,1
249115,Urbain,6
249116,Urbain,5
249117,Urbain,7
249119,Urbain,2
249120,Urbain,3
249121,Urbain,2
249122,Urbain,7
249123,Urbain,4
249124,Urbain,3
249125,Urbain,6
249126,Urbain,4
249127,Urbain,4
249130,Urbain,4
249131,Urbain,2
249132,Urbain,3
249133,Urbain,4
249134,Urbain,6
249135,Urbain,5
249136,Urbain,7
249139,Urbain,1
249141,Urbain,5
249142,Urbain,6
249143,Urbain,3
249144,Urbain,4
249145,Urbain,4
249147,Urbain,4
249148,Urbain,6
249149,Urbain,5
249150,Urbain,6
249151,Urbain,3
249152,Urbain,4
249154,Urbain,4
249155,Urbain,5
249156,Urbain,5
249159,Urbain,6
249161,Urbain,4
249162,Urbain,2
249163,Urbain,3
249164,Urbain,6
249167,Urbain,1
249182,Urbain,7
249183,Urbain,6
249185,Urbain,2
249186,Urbain,4
249187,Urbain,4
249188,Urbain,6
249189,Urbain,3
249190,Urbain,6
249191,Urbain,4
249192,Urbain,5
249194,Urbain,3
249195,Urbain,2
249196,Urbain,3
249197,Urbain,1
249198,Urbain,2
249199,Urbain,6
249201,Urbain,2
249202,Urbain,4
249203,Urbain,5
249204,Urbain,5
249205,Urbain,4
249208,Urbain,5
249210,Urbain,1
249211,Urbain,4
249213,Urbain,8
249214,Urbain,4
249215,Urbain,5
249216,Urbain,6
249218,Urbain,4
249219,Urbain,6
249221,Urbain,6
249222,Urbain,6
249223,Urbain,6
249224,Urbain,4
249225,Urbain,3
249226,Urbain,6
249228,Urbain,7
249232,Urbain,4
249233,Urbain,3
249234,Urbain,5
249235,Urbain,6
249236,Urbain,5
249237,Urbain,1
249238,Urbain,3
249239,Urbain,5
249240,Urbain,5
249241,Urbain,3
249242,Urbain,3
249243,Urbain,6
249244,Urbain,1
249247,Urbain,4
249248,Urbain,3
249250,Urbain,3
249253,Urbain,1
249256,Urbain,3
249257,Urbain,6
249258,Urbain,1
249264,Urbain,3
249267,Urbain,2
249275,Urbain,1
249276,Urbain,3
249278,Urbain,2
249279,Urbain,2
250011,Rural,7
250012,Rural,4
250013,Rural,5
250014,Rural,4
250015,Rural,7
250016,Rural,6
250017,Rural,6
250018,Rural,14
250019,Rural,8
250020,Rural,9
259001,Rural,16
259002,Rural,8
259003,Rural,8
259004,Rural,5
259007,Rural,4
259008,Rural,5
259009,Rural,6
259010,Rural,3
259011,Rural,1
259012,Rural,5
260051,Rural,2
260052,Rural,8
260053,Rural,5
260054,Rural,7
260055,Rural,5
260056,Rural,5
260057,Rural,11
260058,Rural,4
260059,Rural,2
260060,Rural,2
260081,Rural,9
260082,Rural,2
260083,Rural,6
260084,Rural,4
260085,Rural,3
260086,Rural,3
260087,Rural,7
260088,Rural,1
260089,Rural,4
260090,Rural,6
260111,Urbain,4
260112,Urbain,6
260113,Urbain,4
260114,Urbain,5
260115,Urbain,6
260116,Urbain,8
260117,Urbain,10
260118,Urbain,3
260119,Urbain,4
260120,Urbain,2
260151,Rural,9
260152,Rural,8
260153,Rural,9
260154,Rural,6
260155,Rural,10
260156,Rural,6
260157,Rural,6
260158,Rural,8
260159,Rural,6
260160,Rural,7
260161,Rural,2
260162,Rural,8
260163,Rural,5
260164,Rural,6
260165,Rural,5
260166,Rural,4
260167,Rural,9
260168,Rural,5
260169,Rural,8
260170,Rural,5
269001,Urbain,4
269002,Urbain,5
269004,Urbain,3
269005,Urbain,2
269006,Urbain,5
269007,Urbain,8
269009,Urbain,7
269010,Urbain,5
269011,Urbain,4
269012,Urbain,8
269013,Rural,6
269014,Rural,6
269015,Rural,4
269017,Rural,3
269018,Rural,3
269019,Rural,10
269020,Rural,2
269021,Rural,4
269023,Rural,9
269024,Rural,8
269025,Rural,6
269026,Rural,7
269027,Rural,4
269028,Rural,6
269030,Rural,8
269031,Rural,7
269033,Rural,6
269034,Rural,5
269035,Rural,7
269036,Rural,4
269037,Rural,1
269038,Rural,5
269039,Rural,3
269040,Rural,7
269041,Rural,3
269042,Rural,4
269043,Rural,7
269044,Rural,3
269046,Rural,1
269047,Rural,4
269049,Rural,7
269050,Rural,7
269051,Rural,3
269052,Rural,4
269053,Rural,6
269054,Rural,4
269055,Rural,6
269056,Rural,5
269059,Rural,8
269060,Rural,2
269061,Rural,2
269062,Rural,9
269063,Rural,4
269064,Rural,5
269066,Rural,3
269067,Rural,7
269068,Rural,3
269069,Rural,5
269070,Rural,5
269071,Rural,5
269073,Rural,2
269074,Rural,4
269075,Rural,4
269076,Rural,7
269077,Rural,1
269079,Rural,3
269081,Rural,6
269082,Rural,1
269083,Rural,5
269084,Rural,6
269085,Rural,6
269086,Rural,3
269087,Rural,4
269088,Rural,4
269089,Rural,5
269090,Rural,4
269092,Rural,6
269093,Rural,5
269094,Rural,3
269095,Rural,5
269096,Rural,4
269097,Rural,2
269098,Rural,7
269099,Rural,4
269100,Rural,2
269101,Rural,4
269102,Rural,5
269104,Rural,3
269105,Rural,2
269106,Rural,4
270001,Urbain,5
270002,Urbain,4
270003,Urbain,6
270004,Urbain,4
270005,Urbain,5
270006,Urbain,6
270007,Urbain,5
270008,Urbain,8
270009,Urbain,6
270010,Urbain,5
270021,Rural,1
270023,Rural,4
270024,Rural,4
270025,Rural,3
270028,Rural,1
270029,Urbain,1
270030,Rural,6
270041,Rural,3
270042,Rural,6
270044,Rural,8
270045,Rural,3
270046,Urbain,1
270047,Rural,12
270049,Urbain,8
270051,Urbain,8
270052,Urbain,1
270053,Urbain,4
270054,Urbain,6
270055,Urbain,5
270056,Urbain,5
270057,Urbain,6
270059,Urbain,2
270061,Urbain,7
270062,Urbain,4
270063,Urbain,2
270064,Rural,6
270065,Urbain,4
270066,Urbain,3
270067,Urbain,4
270068,Urbain,1
270069,Urbain,7
270070,Urbain,5
270091,Urbain,5
270092,Urbain,5
270093,Urbain,5
270094,Urbain,3
270095,Urbain,3
270096,Urbain,2
270097,Urbain,1
270099,Urbain,5
270100,Urbain,6
279001,Rural,4
279002,Rural,1
279004,Rural,2
279005,Rural,6
279006,Rural,4
279007,Rural,1
279008,Rural,4
279009,Rural,4
279010,Rural,3
279011,Rural,4
279013,Rural,1
279015,Rural,3
279016,Rural,2
279017,Rural,4
279018,Rural,5
279019,Rural,4
279022,Rural,2
279023,Rural,7
279024,Rural,4
279025,Rural,1
279027,Rural,2
279028,Urbain,2
279029,Rural,3
279031,Rural,1
279032,Rural,4
279034,Rural,3
279036,Rural,5
279037,Rural,1
279038,Rural,9
279040,Rural,5
279042,Rural,10
279043,Rural,6
279044,Rural,4
279045,Rural,6
279047,Rural,3
279048,Rural,5
279049,Rural,3
279051,Rural,3
279052,Rural,1
279053,Rural,3
279054,Rural,4
279056,Rural,7
279057,Rural,5
279058,Rural,1
279059,Rural,5
279060,Rural,3
279061,Rural,4
279065,Rural,1
279066,Rural,4
279068,Rural,6
279069,Rural,2
279070,Rural,4
279072,Rural,1
279073,Rural,3
279074,Rural,1
279076,Rural,1
279078,Rural,8
279080,Rural,1
279081,Rural,3
279082,Rural,5
279083,Rural,6
279084,Rural,3
279087,Urbain,5
279088,Urbain,4
279089,Urbain,5
279090,Urbain,1
279091,Urbain,3
279092,Urbain,4
279093,Urbain,1
279094,Urbain,2
279095,Urbain,1
279096,Urbain,1
279097,Urbain,1
279098,Urbain,4
279099,Urbain,1
279100,Urbain,4
279101,Urbain,3
279103,Urbain,3
279104,Urbain,4
279105,Urbain,2
279107,Urbain,4
279112,Rural,2
279114,Rural,3
279118,Rural,2
279119,Rural,1
279121,Rural,6
279125,Urbain,7
280031,Urbain,4
280033,Urbain,5
280036,Urbain,2
280037,Urbain,6
280038,Urbain,8
280039,Urbain,1
280081,Urbain,1
280082,Urbain,7
280083,Urbain,1
280084,Urbain,5
280085,Urbain,2
280086,Urbain,4
280087,Urbain,5
280088,Urbain,4
280089,Urbain,4
280090,Urbain,8
280111,Rural,1
280112,Rural,4
280113,Rural,3
280114,Rural,1
280115,Rural,3
280116,Rural,6
280117,Rural,5
280118,Rural,6
280119,Rural,1
280120,Rural,2
289001,Urbain,5
289002,Urbain,4
289003,Urbain,1
289005,Urbain,4
289006,Urbain,4
289007,Urbain,1
289008,Urbain,3
289009,Urbain,1
289010,Urbain,10
289011,Urbain,2
289014,Rural,11
289015,Rural,1
289016,Rural,1
289017,Rural,3
289019,Rural,3
289020,Rural,3
289021,Rural,3
289022,Rural,1
289025,Rural,2
289026,Rural,3
289027,Rural,4
289028,Rural,6
289030,Rural,5
289031,Rural,6
289032,Rural,5
289034,Rural,3
289035,Rural,4
289036,Rural,8
289037,Rural,1
289038,Rural,1
289040,Urbain,2
289041,Urbain,1
289042,Rural,10
289043,Rural,5
289044,Rural,7
289046,Rural,2
289047,Rural,1
289048,Rural,3
289049,Urbain,1
289050,Urbain,4
289051,Urbain,4
289052,Urbain,5
289053,Urbain,2
289054,Urbain,5
289055,Urbain,7
289056,Urbain,3
289058,Urbain,3
289059,Urbain,7
289061,Rural,3
289062,Rural,5
289063,Rural,3
289064,Rural,2
289065,Rural,1
289066,Rural,4
289067,Rural,3
289068,Rural,1
289071,Rural,3
289072,Rural,6
289073,Urbain,6
289074,Urbain,1
289077,Urbain,1
289080,Urbain,2
289081,Urbain,1
289082,Urbain,4
289083,Urbain,4
289084,Urbain,6
289088,Rural,2
289097,Urbain,4
289098,Urbain,2
289102,Rural,1
290001,Urbain,3
290002,Urbain,7
290003,Urbain,6
290005,Urbain,3
290006,Urbain,1
290007,Urbain,3
290008,Urbain,1
290009,Urbain,6
290010,Urbain,1
290031,Urbain,6
290032,Urbain,1
290033,Urbain,1
290034,Urbain,6
290035,Urbain,2
290036,Urbain,3
290037,Urbain,7
290038,Urbain,4
290039,Urbain,5
290040,Urbain,5
290042,Rural,1
290043,Rural,4
290045,Rural,3
290046,Rural,3
290047,Rural,4
290048,Rural,1
290049,Rural,7
290050,Rural,1
290071,Urbain,1
290072,Urbain,1
290073,Urbain,8
290074,Urbain,1
290075,Urbain,7
290077,Urbain,1
290078,Urbain,1
290080,Urbain,5
290081,Urbain,3
290082,Urbain,2
290083,Urbain,4
290084,Urbain,5
290085,Urbain,1
290086,Urbain,5
290087,Urbain,2
290088,Urbain,6
290089,Urbain,3
290090,Urbain,3
290171,Rural,1
290173,Rural,7
290176,Rural,3
290177,Rural,8
290178,Rural,4
290179,Rural,6
290180,Rural,7
299001,Urbain,7
299004,Urbain,6
299005,Urbain,1
299006,Urbain,6
299007,Urbain,7
299008,Urbain,3
299009,Urbain,3
299010,Urbain,4
299011,Urbain,2
299012,Urbain,1
299013,Urbain,1
299014,Urbain,3
299015,Urbain,4
299018,Urbain,6
299020,Urbain,1
299022,Urbain,5
299023,Urbain,2
299024,Urbain,1
299025,Urbain,7
299027,Urbain,4
299028,Urbain,5
299029,Urbain,1
299030,Urbain,2
299032,Urbain,3
299033,Urbain,5
299034,Urbain,1
299035,Urbain,5
299036,Urbain,2
300011,Urbain,3
300012,Urbain,3
300013,Urbain,1
300014,Urbain,1
300016,Urbain,4
300017,Urbain,4
300018,Urbain,3
300019,Urbain,2
300020,Urbain,2
300035,Urbain,1
300036,Rural,3
300037,Rural,2
300038,Rural,1
300040,Urbain,1
300092,Urbain,2
300093,Urbain,3
300094,Urbain,4
300095,Urbain,5
300096,Urbain,3
300098,Urbain,4
300099,Urbain,8
300100,Urbain,3
300131,Urbain,5
300135,Urbain,3
300136,Rural,5
300137,Urbain,2
300138,Urbain,2
300139,Urbain,3
300140,Urbain,3
300141,Urbain,1
300142,Urbain,4
300143,Urbain,1
300144,Urbain,1
300145,Urbain,2
300146,Urbain,3
300147,Urbain,5
300148,Urbain,7
300149,Urbain,4
300171,Rural,1
300172,Rural,2
300173,Rural,1
300174,Urbain,1
300175,Rural,4
300176,Rural,3
300177,Rural,2
300178,Rural,4
300180,Rural,2
309001,Urbain,3
309003,Urbain,1
309005,Urbain,4
309006,Urbain,4
309007,Urbain,6
309008,Urbain,6
309009,Urbain,1
309010,Urbain,4
309013,Urbain,5
309014,Urbain,6
309016,Urbain,2
309017,Urbain,6
309018,Urbain,3
309019,Urbain,1
309021,Urbain,4
309022,Urbain,2
309023,Urbain,5
309024,Urbain,1
309025,Rural,1
309027,Rural,1
309028,Rural,1
309029,Rural,1
309031,Rural,1
309032,Rural,2
309033,Rural,1
309035,Rural,1
309036,Rural,1
309037,Urbain,5
309039,Urbain,5
309041,Urbain,1
309042,Urbain,2
309043,Urbain,2
309044,Urbain,6
309046,Urbain,1
309047,Urbain,1
309048,Urbain,3
309049,Rural,4
309050,Rural,1
309052,Rural,3
309053,Rural,6
309055,Rural,3
309056,Rural,7
309057,Rural,2
309058,Rural,5
309059,Rural,3
309060,Rural,3
309061,Rural,2
309062,Rural,1
309063,Rural,1
309064,Rural,2
309065,Rural,1
309067,Rural,1
309068,Rural,2
309069,Rural,2
309070,Rural,2
309071,Rural,3
309073,Rural,1
309074,Rural,4
309075,Rural,3
309076,Rural,2
309077,Rural,2
309081,Rural,3
309082,Rural,5
309083,Rural,6
309084,Rural,6
309085,Rural,4
309086,Rural,2
309087,Rural,4
309088,Rural,3
309091,Rural,2
309092,Rural,1
309093,Rural,1
309094,Rural,6
309095,Rural,6
309096,Rural,5
309097,Urbain,2
309098,Urbain,6
309099,Urbain,6
309101,Urbain,2
309103,Urbain,4
309104,Urbain,4
309105,Urbain,2
309108,Urbain,1
309109,Rural,7
309112,Rural,7
309113,Rural,9
309114,Rural,4
309115,Rural,11
309116,Rural,1
309117,Rural,4
309118,Urbain,1
309119,Rural,3
309121,Urbain,3
309126,Rural,4
309137,Urbain,1
309138,Urbain,2
310071,Rural,10
310072,Rural,11
310073,Rural,15
310074,Rural,12
310075,Rural,12
310076,Rural,10
310077,Rural,6
310078,Rural,4
310079,Rural,4
310080,Rural,9
310081,Rural,11
310082,Rural,11
310083,Rural,4
310084,Rural,6
310085,Rural,5
310086,Rural,6
310087,Rural,8
310088,Rural,9
310089,Rural,9
310090,Rural,13
310091,Rural,5
310092,Rural,5
310093,Rural,5
310094,Rural,5
310095,Rural,12
310096,Rural,7
310097,Rural,6
310098,Rural,1
310099,Rural,8
310100,Rural,6
319001,Rural,6
319002,Rural,15
319004,Rural,9
319005,Rural,5
319006,Rural,10
319007,Rural,5
319008,Rural,5
319009,Rural,9
319010,Rural,8
319012,Rural,7
319025,Rural,6
319026,Rural,9
319027,Rural,9
319029,Rural,6
319030,Rural,9
319031,Rural,5
319032,Rural,2
319033,Rural,8
319034,Rural,7
319036,Rural,5
319037,Rural,9
319038,Rural,6
319039,Rural,2
319040,Rural,6
319041,Rural,8
319042,Rural,4
319043,Rural,1
319044,Rural,3
319048,Rural,10
319049,Rural,6
319050,Rural,2
319051,Rural,4
319052,Rural,3
319054,Rural,3
319056,Rural,2
319057,Rural,2
319058,Rural,5
319059,Rural,5
319060,Rural,5
319061,Rural,4
319062,Rural,7
319063,Rural,7
319064,Rural,7
319065,Rural,7
319069,Rural,9
319070,Rural,8
319071,Rural,3
319072,Rural,7
319079,Rural,4
319083,Rural,6
320001,Urbain,9
320002,Urbain,7
320007,Urbain,4
320009,Urbain,1
320010,Urbain,7
320051,Rural,4
320052,Rural,13
320054,Urbain,2
320055,Urbain,4
320056,Rural,1
320057,Urbain,6
320061,Urbain,3
320063,Urbain,4
320074,Rural,8
320075,Urbain,4
320076,Rural,5
320077,Rural,5
320078,Rural,1
320080,Rural,1
320081,Rural,2
320082,Rural,4
320181,Rural,8
320182,Rural,6
320183,Rural,7
320184,Rural,4
320185,Urbain,5
320186,Rural,8
320191,Rural,8
329001,Rural,10
329002,Rural,9
329003,Rural,7
329005,Rural,2
329006,Rural,7
329007,Rural,4
329009,Rural,4
329010,Rural,2
329011,Rural,7
329012,Rural,4
329013,Rural,5
329014,Rural,6
329015,Rural,6
329016,Rural,3
329017,Rural,2
329018,Rural,4
329019,Rural,3
329020,Rural,3
329021,Rural,4
329023,Rural,8
329025,Urbain,5
329026,Urbain,6
329028,Urbain,1
329029,Urbain,2
329030,Urbain,5
329031,Urbain,6
329033,Urbain,1
329034,Urbain,4
329035,Urbain,2
329036,Urbain,6
329037,Urbain,3
329038,Urbain,5
329039,Urbain,3
329040,Urbain,6
329041,Urbain,2
329042,Urbain,1
329043,Urbain,2
329046,Urbain,1
329047,Urbain,6
329048,Urbain,1
329049,Rural,13
329050,Rural,4
329053,Rural,2
329054,Rural,2
329055,Rural,4
329056,Rural,2
329057,Rural,6
329058,Rural,8
329059,Rural,5
329060,Rural,4
329061,Rural,5
329062,Rural,7
329063,Rural,5
329065,Rural,5
329066,Rural,5
329067,Rural,2
329068,Rural,8
329070,Rural,6
329071,Rural,4
329073,Rural,4
329074,Rural,5
329075,Rural,7
329076,Rural,7
329077,Rural,5
329078,Rural,2
329079,Rural,7
329080,Rural,7
329081,Rural,3
329082,Rural,5
329085,Rural,1
329088,Rural,6
329089,Rural,5
329090,Rural,8
329091,Rural,5
329092,Rural,4
329093,Rural,2
329095,Rural,2
329096,Rural,3
329108,Rural,5
330031,Rural,11
330032,Rural,8
330033,Rural,8
330034,Rural,9
330035,Rural,9
330036,Rural,12
330037,Rural,9
330038,Rural,2
330039,Rural,10
330040,Rural,2
330051,Rural,13
330052,Rural,12
330053,Rural,2
330054,Rural,2
330055,Rural,4
330056,Rural,12
330057,Rural,19
330058,Rural,9
330059,Rural,10
330060,Rural,9
330061,Rural,3
330062,Rural,12
330063,Rural,8
330064,Rural,8
330065,Rural,2
330066,Rural,3
330067,Rural,9
330068,Rural,9
330069,Rural,4
330070,Rural,8
339001,Rural,8
339002,Rural,6
339003,Rural,9
339004,Rural,5
339005,Rural,12
339006,Rural,9
339009,Rural,6
339010,Rural,22
339011,Rural,7
339012,Rural,4
339013,Rural,3
339014,Rural,6
339015,Rural,2
339016,Rural,7
339017,Rural,11
339018,Rural,10
339020,Rural,7
339021,Rural,15
339022,Rural,2
339023,Rural,2
339026,Rural,5
339027,Rural,10
339028,Rural,3
339029,Rural,6
339030,Rural,4
339031,Rural,6
339032,Rural,3
339033,Rural,7
339034,Rural,10
339036,Rural,1
339037,Rural,9
339038,Rural,14
339040,Rural,7
339042,Rural,9
339043,Rural,5
339044,Rural,4
339045,Rural,7
339046,Rural,10
339047,Rural,6
339048,Rural,6
340032,Rural,6
340033,Rural,5
340034,Rural,6
340035,Rural,11
340036,Rural,16
340037,Rural,6
340038,Rural,8
340039,Rural,16
340040,Rural,1
340051,Rural,8
340052,Rural,8
340053,Rural,6
340054,Rural,6
340056,Rural,6
340057,Rural,4
340058,Rural,2
340059,Rural,5
340060,Rural,6
340081,Rural,8
340082,Rural,9
340083,Rural,8
340084,Rural,4
340085,Rural,11
340086,Rural,16
340087,Rural,7
340088,Rural,10
340089,Rural,8
340090,Rural,1
349002,Rural,8
349003,Rural,4
349004,Rural,12
349005,Rural,5
349007,Rural,3
349008,Rural,6
349009,Rural,5
349010,Rural,12
349011,Rural,15
349012,Rural,4
349014,Rural,5
349015,Rural,4
349016,Rural,3
349017,Rural,2
349018,Rural,5
349019,Rural,9
349020,Rural,2
349021,Rural,8
349022,Rural,9
349024,Rural,4
349025,Rural,2
349026,Rural,1
349027,Rural,5
349028,Rural,11
349029,Rural,1
349030,Rural,6
349031,Rural,2
349032,Rural,11
349034,Rural,10
349036,Rural,6
349037,Rural,10
349038,Rural,3
349039,Rural,4
349040,Rural,8
349041,Rural,4
349043,Rural,5
349044,Rural,1
349045,Rural,5
349046,Rural,1
349047,Rural,4
349050,Urbain,11
349051,Urbain,4
349052,Urbain,1
349053,Urbain,4
349054,Urbain,1
349055,Urbain,10
349056,Urbain,11
349057,Urbain,7
349059,Urbain,4
349060,Urbain,6
349061,Rural,10
349062,Rural,3
349063,Rural,5
349064,Rural,3
349066,Rural,4
349067,Rural,7
349068,Rural,8
349069,Rural,1
349071,Rural,9
349072,Rural,3
349073,Rural,11
349075,Rural,16
349076,Rural,18
349077,Rural,16
349078,Rural,10
349080,Rural,3
349081,Rural,5
349083,Rural,10
349084,Rural,3
349085,Rural,12
349086,Rural,2
349087,Rural,8
349088,Rural,10
349089,Rural,5
349090,Rural,6
349091,Rural,1
349092,Rural,4
349093,Rural,2
349095,Rural,1
349109,Rural,9
350061,Rural,8
350062,Rural,8
350063,Rural,4
350064,Rural,14
350065,Rural,7
350066,Rural,10
350067,Rural,12
350068,Rural,8
350069,Rural,9
350070,Rural,11
359002,Rural,5
359003,Rural,12
359004,Rural,12
359005,Rural,3
359006,Rural,3
359007,Rural,2
359008,Rural,1
359009,Rural,9
359010,Rural,12
359011,Rural,9
359013,Rural,4
359014,Rural,4
359015,Rural,4
359016,Rural,7
359017,Rural,1
359018,Rural,5
359019,Rural,4
359020,Rural,8
359021,Rural,14
359023,Rural,10
359025,Rural,17
359027,Rural,6
359028,Rural,9
359029,Rural,6
359030,Rural,9
359031,Rural,13
359032,Rural,10
359033,Rural,13
359034,Rural,11
359035,Rural,4
359037,Rural,8
359038,Rural,6
359039,Rural,9
359041,Rural,9
359043,Rural,6
359044,Rural,3
359045,Rural,13
359046,Rural,4
359047,Rural,11
359048,Rural,13
359049,Rural,5
359051,Rural,15
359053,Rural,8
359054,Rural,3
359055,Rural,6
359056,Rural,4
359057,Rural,3
359058,Rural,4
359059,Rural,3
359060,Rural,7
359062,Urbain,8
359063,Urbain,6
359064,Urbain,9
359065,Urbain,4
359066,Urbain,10
359067,Urbain,23
359068,Urbain,9
359070,Urbain,5
359071,Urbain,7
359072,Urbain,6
360031,Rural,9
360032,Rural,1
360033,Rural,8
360034,Rural,7
360035,Rural,6
360036,Rural,8
360037,Rural,10
360038,Rural,6
360039,Rural,12
360040,Rural,7
360041,Rural,11
360042,Rural,3
360043,Rural,11
360044,Rural,16
360045,Rural,14
360046,Rural,8
360047,Rural,7
360048,Rural,8
360049,Rural,7
360050,Rural,9
360081,Rural,15
360082,Rural,3
360083,Rural,4
360084,Rural,7
360085,Rural,3
360086,Rural,2
360087,Rural,6
360088,Rural,6
360089,Rural,6
360090,Rural,9
369001,Rural,8
369002,Rural,3
369003,Rural,6
369004,Rural,8
369005,Rural,5
369006,Rural,8
369007,Rural,5
369008,Rural,4
369025,Urbain,8
369026,Urbain,4
369027,Urbain,16
369028,Urbain,10
369030,Urbain,6
369031,Urbain,7
369032,Urbain,7
369033,Urbain,7
369035,Urbain,8
369036,Urbain,15
369038,Rural,10
369039,Rural,9
369040,Rural,6
369041,Rural,8
369042,Rural,6
369043,Rural,8
369044,Rural,9
369046,Rural,2
369047,Rural,4
369048,Rural,11
369049,Rural,8
369050,Rural,8
370002,Urbain,7
370003,Urbain,7
370004,Urbain,8
370005,Urbain,7
370006,Urbain,6
370007,Urbain,4
370008,Urbain,7
370009,Urbain,5
370010,Urbain,6
370011,Urbain,5
370012,Urbain,6
370013,Urbain,3
370015,Urbain,7
370017,Urbain,6
370018,Urbain,8
370019,Urbain,13
370020,Urbain,5
370021,Urbain,3
370023,Urbain,2
370024,Urbain,3
370025,Urbain,4
370026,Urbain,5
370027,Urbain,6
370030,Urbain,7
379003,Urbain,5
379005,Urbain,13
379006,Urbain,4
379007,Urbain,4
379008,Urbain,6
379009,Urbain,4
379010,Urbain,5
379011,Urbain,5
379012,Urbain,2
379013,Urbain,2
379014,Urbain,4
379015,Urbain,3
379016,Urbain,6
379019,Urbain,3
379021,Urbain,3
379022,Urbain,5
379024,Urbain,4
379037,Urbain,1
379039,Urbain,8
379041,Urbain,11
379043,Urbain,5
379044,Urbain,13
379045,Urbain,4
379046,Urbain,10
379047,Urbain,6
379048,Urbain,11
379049,Urbain,10
379050,Urbain,8
379051,Urbain,1
379052,Urbain,1
379053,Urbain,2
379054,Urbain,18
379055,Urbain,6
379057,Urbain,1
379058,Urbain,5
379059,Urbain,8
379061,Rural,7
379063,Rural,2
379064,Rural,12
379065,Rural,8
379066,Rural,5
379068,Rural,4
379069,Rural,2
379070,Rural,5
379071,Rural,4
379072,Rural,2
379073,Rural,4
379075,Rural,6
379077,Rural,7
379078,Rural,6
379079,Rural,5
379080,Rural,9
379081,Rural,5
379082,Rural,8
379083,Rural,11
379084,Rural,13
379085,Rural,4
379086,Rural,14
379087,Rural,8
379089,Rural,6
379090,Rural,9
379091,Rural,2
379092,Rural,8
379093,Rural,4
379094,Rural,5
379096,Rural,8
379097,Urbain,2
379098,Urbain,4
379099,Urbain,5
379100,Urbain,2
379101,Urbain,2
379103,Urbain,5
379104,Urbain,4
379105,Urbain,3
379109,Urbain,8
379111,Urbain,3
379112,Urbain,3
379114,Urbain,4
379115,Urbain,2
379116,Urbain,1
379117,Urbain,3
379118,Urbain,4
379119,Urbain,1
379120,Urbain,1
379121,Urbain,5
379123,Urbain,2
379124,Urbain,1
379127,Urbain,4
379138,Urbain,6
379139,Urbain,2
379141,Urbain,2
379143,Urbain,5
379144,Urbain,3
379146,Urbain,4
379148,Urbain,1
379151,Urbain,5
379154,Urbain,2
379155,Urbain,4
